index,acc,loss,time,val_acc,val_loss
0,0.907766666667,0.299401372671,5.43014883995,0.9548,0.146847785635
1,0.947966666667,0.171142280102,5.3894701004,0.9568,0.141170630867
2,0.95405,0.149911120534,5.38125681877,0.9651,0.113615006477
3,0.958983333333,0.129890695214,5.39056897163,0.968,0.107176180854
4,0.9636,0.117480710149,5.37182998657,0.9651,0.117815427734
5,0.963216666667,0.118635646999,5.3646440506,0.971,0.103357347274
6,0.968533333333,0.101701229811,5.40337610245,0.9705,0.101869766514
7,0.971266666667,0.0934560373425,5.36623001099,0.9702,0.110780248732
8,0.972216666667,0.0890121906996,5.42906904221,0.9725,0.0994395829955
9,0.974183333333,0.0840154290199,5.41751408577,0.9741,0.0937803870552
10,0.976166666667,0.0774786546826,5.38296294212,0.9736,0.0954432121084
11,0.977166666667,0.0735199227929,5.36987280846,0.9744,0.0923797201534
12,0.976466666667,0.073744662106,5.34632205963,0.9724,0.097245293944
13,0.979533333333,0.0671420618892,5.34820699692,0.9732,0.0992037764405
14,0.978233333333,0.0667769610882,5.4193379879,0.9744,0.0939748251504
15,0.97995,0.0647618249059,5.33858108521,0.9737,0.0960935709148
16,0.979733333333,0.0656177997589,5.41920018196,0.9752,0.0868382361954
17,0.981966666667,0.0583234429359,5.34339094162,0.9767,0.08981545167
18,0.983233333333,0.0543465130031,5.34896993637,0.9773,0.0862560109609
19,0.984866666667,0.0484263412654,5.35955190659,0.9776,0.0922353436217
20,0.984083333333,0.0507474206388,5.37038111687,0.9786,0.0866752453951
21,0.984783333333,0.0483309105039,5.36312007904,0.9774,0.0873635715804
22,0.9851,0.0468544512987,5.3452501297,0.9758,0.0957016906479
23,0.984533333333,0.0484580248594,5.41440987587,0.9776,0.0917183931876
24,0.985716666667,0.0458281040192,5.35178399086,0.9773,0.0896122045685
25,0.986416666667,0.0439567603171,5.37075901031,0.9769,0.0918030513771
26,0.98655,0.0446632243693,5.42083406448,0.9765,0.0955137013673
27,0.9875,0.0391823984683,5.37650108337,0.9786,0.0850633725937
28,0.988133333333,0.0386584326625,5.34061694145,0.9782,0.0860697089802
29,0.986833333333,0.042305842042,5.34972286224,0.9797,0.0825622106202
30,0.988683333333,0.036212939769,5.34652209282,0.9765,0.0980811127219
31,0.987833333333,0.04116762802,5.33970093727,0.9779,0.0906933640109
32,0.988,0.0392012931406,5.36282086372,0.9765,0.091602805123
33,0.989833333333,0.0342312119901,5.344435215,0.9781,0.0900858192392
34,0.98975,0.0334063097835,5.40726113319,0.9801,0.0892801102909
35,0.9906,0.0296896714717,5.3750231266,0.9766,0.105359589026
36,0.99035,0.0315631404519,5.34348297119,0.9789,0.0921561022067
37,0.990266666667,0.031152786687,5.35285902023,0.98,0.0855574547555
38,0.989766666667,0.0340731739998,5.34963798523,0.9798,0.0878174516308
39,0.9902,0.031992085278,5.34178590775,0.9789,0.0936497268718
40,0.991866666667,0.0262968242168,5.40261602402,0.9776,0.0921842290802
41,0.991933333333,0.0268909130245,5.34573101997,0.9793,0.0940590329195
42,0.992066666667,0.0271229911596,5.38458514214,0.9777,0.100175509827
43,0.990916666667,0.0298498086631,5.36358714104,0.9776,0.0948072228184
44,0.990966666667,0.0292018316686,5.35959482193,0.9785,0.0975728467543
45,0.991383333333,0.0281279869378,5.38123393059,0.9794,0.090872206794
46,0.991316666667,0.027854628861,5.36550807953,0.9789,0.0976992598044
47,0.99095,0.0294775590301,5.40405392647,0.9807,0.0956977373139
48,0.9919,0.026313951239,5.43282580376,0.9786,0.0924483049348
49,0.992116666667,0.0257301181555,5.43450403214,0.9804,0.0926848475363
50,0.992133333333,0.0258078090847,5.44795894623,0.9813,0.0890740033309
51,0.9934,0.0231064986438,5.36349892616,0.9803,0.0907226651813
52,0.992883333333,0.0229585878551,5.42744398117,0.9799,0.0856207392025
53,0.994016666667,0.0214152783155,5.36871504784,0.98,0.0919398230704
54,0.993516666667,0.020643716678,5.3469581604,0.9811,0.0868806916466
55,0.992833333333,0.023499161005,5.3846540451,0.9803,0.0882306289001
56,0.993166666667,0.021958226338,5.37912487984,0.9796,0.0920363247677
57,0.993966666667,0.0203562509269,5.40718388557,0.9804,0.0973599774464
58,0.993766666667,0.0203019138426,5.42414093018,0.981,0.0947681346552
59,0.99345,0.0219384841621,5.34082698822,0.9792,0.0997434175698
60,0.993466666667,0.021566549316,5.36836600304,0.9795,0.092486158907
61,0.99305,0.0218887105584,5.36352205276,0.9803,0.0956292242288
62,0.993766666667,0.0207736995071,5.39054393768,0.9791,0.0893397039051
63,0.994366666667,0.0188195556402,5.35397815704,0.9796,0.0935385902951
64,0.993316666667,0.0222094524652,5.3643450737,0.9799,0.0978102399153
65,0.993666666667,0.0206481814384,5.36847186089,0.9785,0.099803848253
66,0.994466666667,0.0193048957735,5.3521668911,0.9815,0.0974468951981
67,0.993533333333,0.0225544348359,5.3580930233,0.979,0.097069816718
68,0.994383333333,0.0187101066113,5.35291719437,0.9791,0.0949803608798
69,0.994583333333,0.0181983038783,5.34967088699,0.9812,0.0868080635827
70,0.9942,0.0188675820827,5.34545493126,0.982,0.0959317125895
71,0.9943,0.0182773023844,5.34993290901,0.9809,0.0910738946524
72,0.994983333333,0.0166525691748,5.34887504578,0.9813,0.0878030570952
73,0.9948,0.0184563044459,5.3712310791,0.9795,0.102206811521
74,0.994966666667,0.0171867012978,5.35387206078,0.9809,0.0911499920691
75,0.99485,0.0170239619911,5.38882803917,0.9811,0.0873975285394
76,0.995,0.0167314708233,5.35752892494,0.9812,0.0858971233354
77,0.99475,0.0170201249421,5.35255622864,0.9809,0.0863395452672
78,0.995666666667,0.0144439637661,5.364164114,0.9806,0.0967349820665
79,0.994816666667,0.0180006530136,5.36593699455,0.9829,0.0885525045142
80,0.995483333333,0.0160559881479,5.40580892563,0.982,0.0955679680706
81,0.99495,0.016984121874,5.42765808105,0.9807,0.100627922803
82,0.994966666667,0.0176199097186,5.35623311996,0.9804,0.0969712352786
83,0.995033333333,0.0168028585613,5.3735909462,0.9813,0.0985004489937
84,0.99455,0.0179947167635,5.35712790489,0.9814,0.0930454803553
85,0.995483333333,0.0154149206355,5.3755030632,0.98,0.0959288280104
86,0.99515,0.0162511561066,5.3739168644,0.9827,0.0930647111351
87,0.995066666667,0.017280716449,5.36686897278,0.979,0.102639533029
88,0.995316666667,0.0166452229023,5.35221815109,0.9814,0.0987975997162
89,0.995533333333,0.0156645867974,5.35954713821,0.9807,0.0977841861906
90,0.996016666667,0.0138507401571,5.35392093658,0.9801,0.0892514236806
91,0.996,0.0150517951697,5.34934997559,0.9816,0.088590377276
92,0.996116666667,0.0126761626452,5.3587770462,0.9794,0.0974969415317
93,0.99565,0.0144749414176,5.37798309326,0.9825,0.0934464089762
94,0.996633333333,0.0118899680674,5.40777301788,0.9802,0.109506300107
95,0.99655,0.0123068410903,5.37664198875,0.9807,0.0964052041491
96,0.996333333333,0.0133764408529,5.44708895683,0.9806,0.09317562798
97,0.996616666667,0.0109510542825,5.36252903938,0.9817,0.0917591481971
98,0.996283333333,0.0129405576736,5.4004650116,0.9818,0.101165217406
99,0.996816666667,0.0109037188813,5.37442302704,0.9812,0.0967726626929
100,0.996166666667,0.0128442337736,5.38512897491,0.9814,0.101223510475
101,0.996816666667,0.0110527575016,5.37780189514,0.9818,0.102907092514
102,0.996266666667,0.0132094444707,5.44992089272,0.9819,0.0970068964462
103,0.996466666667,0.0121528385207,5.39121699333,0.9817,0.0916029127379
104,0.99635,0.0125269554555,5.42864012718,0.982,0.0960835866565
105,0.99675,0.0117363315076,5.40246915817,0.9801,0.100456453495
106,0.996416666667,0.0121810240671,5.35486412048,0.9829,0.0954177214447
107,0.9967,0.0119301062077,5.40801215172,0.9817,0.100162006819
108,0.996283333333,0.0131256971508,5.35460615158,0.9829,0.0905820409187
109,0.99625,0.0132418274879,5.36231017113,0.9811,0.0937679229321
110,0.997183333333,0.0103143705055,5.35842299461,0.9805,0.100021719559
111,0.997033333333,0.010023612529,5.35160303116,0.9809,0.100341045816
112,0.996533333333,0.0120905358344,5.40946602821,0.9807,0.0889077288745
113,0.9967,0.0108643127605,5.35723900795,0.9811,0.0961403907754
114,0.997116666667,0.0102080730721,5.42740082741,0.9816,0.0978187880302
115,0.996883333333,0.0103448154405,5.36303210258,0.9803,0.0954380365857
116,0.996933333333,0.00991995632648,5.38248610497,0.9809,0.0992817494482
117,0.9968,0.0111796846613,5.36195206642,0.9809,0.100561920008
118,0.997083333333,0.00921372883022,5.40753102303,0.9791,0.10508830483
119,0.9965,0.0130687886849,5.36365890503,0.9807,0.0986763527212
120,0.9963,0.0122354365885,5.39106297493,0.9809,0.0983730449479
121,0.997333333333,0.00981008075178,5.35514092445,0.9825,0.0955037977725
122,0.997283333333,0.00980131421238,5.51037311554,0.9819,0.102363584791
123,0.997033333333,0.0103782713413,5.37066197395,0.9797,0.105628009877
124,0.996716666667,0.0107561014593,5.36507487297,0.98,0.10052298321
125,0.9969,0.0105176893994,5.37518906593,0.9809,0.0940879576808
126,0.997366666667,0.00888262223452,5.35466194153,0.9832,0.0946927827165
127,0.997116666667,0.00993796624243,5.43178510666,0.982,0.0929854536376
128,0.9974,0.00932669639587,5.38367795944,0.9821,0.0967706222603
129,0.997433333333,0.00889464654028,5.43345308304,0.9826,0.097708283975
130,0.997916666667,0.00781264994293,5.37195181847,0.9814,0.0981776116302
131,0.997216666667,0.0096540953964,5.37896084785,0.9819,0.100088992943
132,0.996683333333,0.0120079396293,5.37682580948,0.982,0.0953124996108
133,0.997283333333,0.00975195039064,5.38065195084,0.9808,0.0965015869171
134,0.997266666667,0.0102620460093,5.36603593826,0.981,0.0966354498355
135,0.9977,0.00811376888305,5.35836315155,0.9815,0.0972332664584
136,0.996816666667,0.0111881121993,5.36314487457,0.9804,0.102753817444
137,0.997366666667,0.00946058519185,5.36270093918,0.9817,0.0972175514786
138,0.997083333333,0.0101806214079,5.43230485916,0.9812,0.101551943603
139,0.997333333333,0.00878797564656,5.35082602501,0.9824,0.0967866810189
140,0.997766666667,0.00776563538238,5.36185884476,0.9828,0.0944553128472
141,0.997883333333,0.00780187686905,5.36818194389,0.9819,0.098783871573
142,0.997583333333,0.00829896703362,5.36607217789,0.9816,0.103676531267
143,0.997283333333,0.00942195020616,5.3640859127,0.9814,0.096506530124
144,0.9978,0.00835500005633,5.36744999886,0.9802,0.103506375425
145,0.997166666667,0.00985566806048,5.36852288246,0.9794,0.112367391043
146,0.997433333333,0.00803050678223,5.3607070446,0.9832,0.0979226878606
147,0.997833333333,0.00773352338001,5.41958093643,0.9825,0.098805782545
148,0.9979,0.00812971591949,5.36221003532,0.9802,0.100920047325
149,0.99785,0.00744119333103,5.36866402626,0.9819,0.0969796452183
150,0.997716666667,0.00807271245867,5.42144703865,0.9822,0.100630732081
151,0.997466666667,0.00903135817498,5.35917305946,0.9807,0.0993884492799
152,0.997966666667,0.0080198366195,5.35414600372,0.9814,0.100187628399
153,0.9974,0.0088871140033,5.37425398827,0.9807,0.104055775417
154,0.997866666667,0.00752319255844,5.36969614029,0.981,0.10467445093
155,0.998116666667,0.00746232829988,5.35003685951,0.9814,0.0977074623729
156,0.997883333333,0.00738104758784,5.4360768795,0.9825,0.100724158707
157,0.9978,0.00722604757175,5.35642194748,0.9808,0.101141899603
158,0.997766666667,0.00740665523335,5.37728714943,0.9826,0.0992645618522
159,0.997883333333,0.00802465341985,5.4176299572,0.9813,0.102876218872
160,0.997933333333,0.0072433562018,5.35122704506,0.9814,0.105565807814
161,0.997783333333,0.00857607461512,5.37260818481,0.9805,0.106397093054
162,0.9978,0.00723976269364,5.33472084999,0.9813,0.0957120084108
163,0.997766666667,0.00770375970751,5.36296010017,0.9816,0.102623501468
164,0.997983333333,0.00727137224749,5.36085104942,0.9804,0.108076456903
165,0.997483333333,0.00903923623264,5.36544799805,0.9815,0.0991643137054
166,0.998033333333,0.00754168024287,5.36267399788,0.9805,0.102563276392
167,0.998116666667,0.00652270996943,5.38253211975,0.9807,0.101574295075
168,0.998316666667,0.00622521759942,5.36547803879,0.982,0.0977155524883
169,0.998133333333,0.00682331388816,5.37499094009,0.982,0.103416671667
170,0.998183333333,0.00650614080951,5.43421006203,0.9826,0.102536858985
171,0.998083333333,0.00638530775905,5.42741298676,0.9825,0.0958257226764
172,0.998116666667,0.00679297791794,5.36099696159,0.9828,0.096002486022
173,0.998166666667,0.00614866567776,5.42413401604,0.9822,0.100360586123
174,0.99845,0.00529312808067,5.36469602585,0.9822,0.102415210959
175,0.9985,0.00580223510042,5.35775017738,0.9811,0.109416107473
176,0.998333333333,0.00580358598381,5.35428404808,0.9814,0.104836514916
177,0.998016666667,0.00701360171661,5.43620300293,0.9813,0.105512772465
178,0.998066666667,0.00658360589296,5.37944698334,0.9816,0.10284422414
179,0.997866666667,0.00762574840337,5.43586421013,0.982,0.0985922830749
180,0.997983333333,0.00642497371882,5.44925999641,0.9814,0.105437644094
181,0.998016666667,0.00737337209284,5.39284396172,0.982,0.103636621467
182,0.998166666667,0.00630240468308,5.38636493683,0.9815,0.0993922833268
183,0.997916666667,0.00757904397324,5.43424987793,0.9826,0.106016104907
184,0.998,0.00769407860935,5.44852519035,0.9819,0.0986031449308
185,0.997566666667,0.00952929724008,5.35544300079,0.9826,0.100995416834
186,0.997916666667,0.00756379682571,5.42358422279,0.9816,0.104730339883
187,0.998033333333,0.00719305966049,5.40231800079,0.9831,0.0992551481248
188,0.998283333333,0.0061079794541,5.43692588806,0.9822,0.105026325253
189,0.997866666667,0.00719775399193,5.38297200203,0.9811,0.105674782499
190,0.997733333333,0.00800561718643,5.41915988922,0.9816,0.0986220223942
191,0.997966666667,0.0069110901095,5.44210314751,0.9827,0.0999570828863
192,0.9976,0.00778263248503,5.43507194519,0.9822,0.108536594018
193,0.998133333333,0.00706523051485,5.44119691849,0.9824,0.106321690262
194,0.998333333333,0.00626948056743,5.37957000732,0.9822,0.105298399861
195,0.998383333333,0.00631528021768,5.43579506874,0.9823,0.108629079684
196,0.998,0.00706281093881,5.36249399185,0.9818,0.106979638648
197,0.998083333333,0.00683451164514,5.41764497757,0.9818,0.104926621961
198,0.998016666667,0.00721559114754,5.44331717491,0.9813,0.105978121027
199,0.997816666667,0.00780301354825,5.39437508583,0.9811,0.106499403152
200,0.998183333333,0.00676834909245,5.40432310104,0.981,0.117632274598
201,0.99845,0.00592626957223,5.43544816971,0.9826,0.109462951549
202,0.998333333333,0.00616129208356,5.3746380806,0.9815,0.106386984371
203,0.9988,0.00504728779197,5.40778899193,0.982,0.106856820929
204,0.998366666667,0.00654723728076,5.35468792915,0.9829,0.0983630197894
205,0.998616666667,0.00498400069773,5.37645411491,0.9819,0.102763321798
206,0.998633333333,0.00499770091847,5.38592004776,0.9819,0.102871777809
207,0.9988,0.00458490708843,5.43549609184,0.982,0.100071260545
208,0.998683333333,0.00522285187617,5.36666893959,0.9817,0.102056422232
209,0.998383333333,0.00598229654133,5.39944911003,0.9825,0.100931746341
210,0.998533333333,0.00562055781484,5.42969202995,0.9829,0.098311398999
211,0.9988,0.00527839129791,5.40105605125,0.9821,0.105918253865
212,0.9987,0.00488281948492,5.37855005264,0.9811,0.1083782125
213,0.998,0.0072194673121,5.43893790245,0.9817,0.103009840324
214,0.998766666667,0.00512701552361,5.43316292763,0.9834,0.103543443789
215,0.998533333333,0.00576375052333,5.43631792068,0.983,0.105060078656
216,0.998233333333,0.00654695322737,5.3771481514,0.9815,0.106980316713
217,0.998366666667,0.00593875348568,5.43932390213,0.9825,0.0978351971315
218,0.998633333333,0.00487286457792,5.44726991653,0.9831,0.101338111991
219,0.998516666667,0.00504242861643,5.39222121239,0.9817,0.107122120717
220,0.998166666667,0.00635105092078,5.38865399361,0.9824,0.102159783743
221,0.9986,0.00505081564188,5.36650514603,0.9835,0.0974973456312
222,0.998633333333,0.00505881896242,5.43701291084,0.9827,0.101906469982
223,0.998483333333,0.00547529803589,5.41959905624,0.9825,0.102064870198
224,0.998633333333,0.00521954614669,5.43792390823,0.9825,0.0986660311839
225,0.998533333333,0.0058399005793,5.36078691483,0.9825,0.108355349248
226,0.998566666667,0.00535238627344,5.39601588249,0.9825,0.103213165653
227,0.998666666667,0.00484572956339,5.35708808899,0.982,0.106864610559
228,0.998766666667,0.00506286835298,5.35422706604,0.9821,0.103527064981
229,0.998683333333,0.0054399301298,5.43327188492,0.9823,0.102564531906
230,0.99855,0.00523091992363,5.4383289814,0.982,0.106761853539
231,0.99885,0.00457505648956,5.34898209572,0.9805,0.111699113084
232,0.99875,0.00428971694782,5.35037589073,0.9812,0.108738749593
233,0.998866666667,0.00445220526308,5.38100099564,0.9826,0.101675587912
234,0.99845,0.0058692516759,5.3494720459,0.9812,0.110258210178
235,0.998566666667,0.00519699277356,5.43926715851,0.9813,0.108806593006
236,0.998583333333,0.00536637287587,5.4326851368,0.9814,0.108555414466
237,0.99895,0.00375966262072,5.37216210365,0.9821,0.104987221827
238,0.998616666667,0.00528765516356,5.43475389481,0.9817,0.109176527125
239,0.9983,0.00621277699247,5.44976902008,0.9822,0.102701157395
240,0.998616666667,0.00466949259862,5.37109303474,0.9827,0.102322759003
241,0.998666666667,0.00502402056009,5.43998599052,0.9833,0.101956601464
242,0.99895,0.00401259446517,5.38175702095,0.9827,0.10443554739
243,0.998916666667,0.00476001482457,5.36849284172,0.9828,0.105311938097
244,0.998816666667,0.00410294439644,5.39408302307,0.9824,0.110102489409
245,0.9988,0.00448206998408,5.4522330761,0.9833,0.106319540643
246,0.998483333333,0.00517082912847,5.42736101151,0.9817,0.106141413182
247,0.998816666667,0.00438224012032,5.36274981499,0.9827,0.102817956511
248,0.9985,0.00467008259147,5.78766989708,0.9823,0.104445499733
249,0.99885,0.00468749506399,5.38199281693,0.9828,0.102387438882
250,0.998716666667,0.00506059918553,5.41835808754,0.9819,0.10239281364
251,0.998616666667,0.00533438194543,5.35987901688,0.9826,0.100060224913
252,0.998716666667,0.00473654409871,5.35649394989,0.982,0.103473615315
253,0.998533333333,0.00568476971239,5.43204092979,0.9819,0.10099882039
254,0.998983333333,0.00465281493962,5.45494198799,0.9826,0.104662680421
255,0.998583333333,0.00478313863277,5.44814610481,0.9822,0.106297532235
256,0.998916666667,0.00378067838028,5.36914992332,0.982,0.102101519757
257,0.998916666667,0.00396862113848,5.40012407303,0.9821,0.104426221163
258,0.999016666667,0.00384338549338,5.42925715446,0.9822,0.10624674999
259,0.999,0.00424898369238,5.43330001831,0.9832,0.101987426467
260,0.998766666667,0.00492089148611,5.4098470211,0.9821,0.104906854084
261,0.99845,0.00561218382791,5.43447995186,0.9823,0.106317329315
262,0.998916666667,0.0048499032855,5.4525821209,0.9826,0.108689204718
263,0.9989,0.00446440232918,5.3600320816,0.9831,0.10767156127
264,0.998783333333,0.00425989599898,5.35128498077,0.9812,0.115419791109
265,0.998833333333,0.00447475165129,5.43525910378,0.9823,0.107908434084
266,0.999066666667,0.00386747345328,5.3610329628,0.9821,0.105060438722
267,0.9989,0.00357200438157,5.41113209724,0.9821,0.110183837567
268,0.9989,0.00402552494779,5.36041283607,0.9817,0.11277909246
269,0.99895,0.0039235255681,5.35596489906,0.9822,0.107608211847
270,0.998733333333,0.00451741553843,5.37881088257,0.981,0.108034811337
271,0.998733333333,0.00470691546798,5.37174487114,0.9819,0.112241126962
272,0.9985,0.0050827995874,5.35443711281,0.9826,0.107643777195
273,0.998666666667,0.0046239788644,5.42561006546,0.9818,0.110126653178
274,0.9988,0.00447040423751,5.44570207596,0.9815,0.108645709414
275,0.999166666667,0.00376384658739,5.45093488693,0.9818,0.108723173644
276,0.99925,0.00341213820502,5.35857701302,0.9818,0.105365941584
277,0.998983333333,0.00387352961116,5.36425495148,0.982,0.109974746095
278,0.998783333333,0.0043582264334,5.43194508553,0.9828,0.102581092899
279,0.998816666667,0.00463569862768,5.36590385437,0.9818,0.105541702435
280,0.999033333333,0.00398642895743,5.4372792244,0.9827,0.104414436287
281,0.9988,0.00442137988284,5.45208287239,0.9828,0.103121802703
282,0.99865,0.00446816114709,5.40928387642,0.9836,0.103795360845
283,0.999016666667,0.00392890581861,5.35823893547,0.9834,0.0995665532326
284,0.999083333333,0.00368650560267,5.43041682243,0.9828,0.103326707387
285,0.99905,0.00350449420512,5.42146015167,0.9825,0.108333779247
286,0.998866666667,0.00384821020998,5.43513607979,0.9823,0.111424948617
287,0.9992,0.00291250483133,5.3854060173,0.9822,0.108438594851
288,0.999033333333,0.00380554911681,5.43781590462,0.9833,0.108853976111
289,0.99915,0.00334127782844,5.40645718575,0.9831,0.110018652343
290,0.99895,0.00409339135513,5.37040495872,0.9827,0.111386242953
291,0.9988,0.00460234005004,5.41750097275,0.9828,0.107448042054
292,0.9986,0.00471124378964,5.35800290108,0.984,0.103332552556
293,0.998733333333,0.00445821182802,5.36623501778,0.9827,0.10777682558
294,0.998933333333,0.00361310387962,5.35211586952,0.9825,0.110267949366
295,0.998933333333,0.00416166568175,5.40727496147,0.9826,0.105386176109
296,0.9991,0.00342414109036,5.42100095749,0.9825,0.109951236097
297,0.999133333333,0.00309168547392,5.37215280533,0.9829,0.107158343872
298,0.99925,0.00319785624743,5.44913697243,0.9829,0.109011429527
299,0.999116666667,0.00332998041995,5.42619895935,0.9835,0.109701425728
300,0.999083333333,0.00357016711496,5.38171696663,0.9822,0.108741234691
301,0.999316666667,0.00286438222975,5.36131691933,0.9824,0.109489165869
302,0.999016666667,0.00375641463324,5.35513520241,0.9818,0.112336684586
303,0.999,0.00378108513542,5.39661288261,0.9827,0.109212368154
304,0.999083333333,0.00363102508709,5.41076183319,0.9829,0.104862233236
305,0.999083333333,0.00349536142312,5.4375538826,0.9828,0.10574607078
306,0.999233333333,0.00353453471325,5.43391013145,0.9834,0.104179194889
307,0.9992,0.0031034424901,5.35562396049,0.9825,0.100426531579
308,0.998983333333,0.00410968903452,5.37473988533,0.9831,0.100309383017
309,0.999066666667,0.00352828158066,5.44041490555,0.9833,0.102522252761
310,0.999083333333,0.0031703542918,5.4516890049,0.9834,0.1030753843
311,0.99885,0.00432060007006,5.44067406654,0.9833,0.102860335476
312,0.998966666667,0.00390819413587,5.45147013664,0.9824,0.105108791618
313,0.999266666667,0.00329220248386,5.4574368,0.9834,0.107363597555
314,0.998866666667,0.00439749564976,5.41560006142,0.9839,0.104287174003
315,0.99925,0.00302353361621,5.39413499832,0.9824,0.110708943337
316,0.999133333333,0.00350185949355,5.35882401466,0.9834,0.105190435128
317,0.999083333333,0.00342048238963,5.42895793915,0.9836,0.104389517664
318,0.99915,0.0031943009235,5.38894701004,0.9844,0.0974034163109
319,0.999116666667,0.00337256886996,5.40320491791,0.9844,0.102556816722
320,0.99905,0.00419596862048,5.40650582314,0.9827,0.10248451345
321,0.999166666667,0.00355646456592,5.42915511131,0.9832,0.101886533426
322,0.99935,0.00276652630419,5.35502409935,0.9837,0.101330813171
323,0.9991,0.00310231861658,5.43309402466,0.9838,0.100848275094
324,0.9993,0.00289483973756,5.37947511673,0.9829,0.103202558323
325,0.999183333333,0.00328688509762,5.36169981956,0.983,0.103391909268
326,0.999116666667,0.00344395707361,5.43533802032,0.9827,0.102370278842
327,0.999083333333,0.003524962347,5.38736891747,0.9823,0.104408168763
328,0.99915,0.00325298216194,5.43225908279,0.9832,0.107594318694
329,0.9992,0.00320850033313,5.35239887238,0.9833,0.110232273329
330,0.999133333333,0.00369011703879,5.39138817787,0.9837,0.107842489938
331,0.999083333333,0.00344310048968,5.38312292099,0.9824,0.109932981306
332,0.999166666667,0.00300391740166,5.39037084579,0.9824,0.114239362064
333,0.9992,0.00296977814287,5.40729498863,0.9826,0.113038195919
334,0.999083333333,0.00338382669725,5.38361215591,0.9831,0.113010039906
335,0.999233333333,0.00325919850729,5.37739801407,0.9825,0.115800790958
336,0.999083333333,0.00355971278623,5.38548278809,0.9828,0.111174590627
337,0.99905,0.00359025667422,5.4367518425,0.9827,0.112363839086
338,0.998883333333,0.00406547728926,5.36506104469,0.9826,0.112174355563
339,0.999333333333,0.002943581203,5.37994003296,0.9832,0.111381643004
340,0.999116666667,0.00350892031565,5.36418104172,0.9819,0.11264952678
341,0.999216666667,0.00314398529008,5.35534715652,0.9827,0.10882185282
342,0.999266666667,0.00326913455501,5.34998011589,0.9825,0.108682672969
343,0.999133333333,0.00323840393685,5.36144804955,0.9828,0.107333283055
344,0.999066666667,0.00348924705759,5.41775107384,0.9823,0.115480650704
345,0.999166666667,0.00315327546559,5.38042092323,0.9828,0.108680427065
346,0.999,0.00378917017952,5.37379407883,0.9838,0.107957344168
347,0.9989,0.0038196563255,5.39624905586,0.983,0.110983339874
348,0.999116666667,0.00349940080196,5.43430304527,0.9826,0.10774652051
349,0.99925,0.00286746327765,5.42130684853,0.9823,0.106738633759
350,0.999166666667,0.00342428567819,5.39231705666,0.9822,0.107251549598
351,0.999166666667,0.003301597666,5.369576931,0.9822,0.106430503157
352,0.999016666667,0.00349167780951,5.4343559742,0.9821,0.114013574972
353,0.9992,0.00285388086922,5.45199894905,0.9824,0.11289393933
354,0.99945,0.00223481841385,5.44866013527,0.9829,0.105346908463
355,0.99905,0.00367189641111,5.4381070137,0.9811,0.114010533642
356,0.999316666667,0.00309953908436,5.45443201065,0.9815,0.112911246015
357,0.999283333333,0.00281395763159,5.36118984222,0.9825,0.110414315156
358,0.999166666667,0.00307809119113,5.39866614342,0.9829,0.108836675996
359,0.999233333333,0.00289196684025,5.44703483582,0.9826,0.110116124099
360,0.99915,0.0032637254335,5.43784809113,0.983,0.109230102819
361,0.999166666667,0.00322450348176,5.37721681595,0.9827,0.107094427594
362,0.999266666667,0.00306882872246,5.4389629364,0.9829,0.106187236288
363,0.999083333333,0.00340191321447,5.40152096748,0.9824,0.108632765036
364,0.99925,0.00337738753296,5.35433793068,0.9829,0.110598695617
365,0.999433333333,0.00218926649541,5.40857291222,0.983,0.109625116977
366,0.999283333333,0.00295984023251,5.38580298424,0.983,0.106460235354
367,0.999133333333,0.00304415076971,5.38937902451,0.9816,0.117178831794
368,0.99915,0.00331104709767,5.44225811958,0.9816,0.11525073806
369,0.999166666667,0.00333063863218,5.54945516586,0.9814,0.123909195324
370,0.999183333333,0.00322656147182,5.36147499084,0.9821,0.114137254233
371,0.999116666667,0.00326616107486,5.37867617607,0.9813,0.117216628517
372,0.999133333333,0.0032458237838,5.36176109314,0.9828,0.112493541424
373,0.9992,0.00306487781927,5.35648393631,0.9828,0.113767374076
374,0.999266666667,0.00278405053541,5.4186770916,0.9828,0.11911579229
375,0.9993,0.00307007972151,5.4366209507,0.9829,0.117764656579
376,0.999266666667,0.00335174193606,5.39219808578,0.9832,0.112404322456
377,0.999116666667,0.00377469556406,5.43727898598,0.9826,0.114454606412
378,0.99935,0.00287919770926,5.35380005836,0.9824,0.112366636584
379,0.999183333333,0.00309163611382,5.43822813034,0.9819,0.114460726816
380,0.999366666667,0.00233545759693,5.4556119442,0.9825,0.114107580651
381,0.999333333333,0.00253965286538,5.45259189606,0.9829,0.114638281301
382,0.999366666667,0.00215179566294,5.37940096855,0.984,0.105495351699
383,0.999216666667,0.00289297429845,5.36165118217,0.9836,0.107729384815
384,0.999183333333,0.00335736852139,5.43573403358,0.9826,0.10972473955
385,0.999216666667,0.00274341274053,5.46076107025,0.9827,0.110841607358
386,0.99925,0.00291718682274,5.44122099876,0.983,0.112306924041
387,0.9994,0.00247997837141,5.39620494843,0.9822,0.111850792901
388,0.999366666667,0.00265191402286,5.43723511696,0.9828,0.110533937811
389,0.9992,0.00325641408563,5.45234489441,0.9821,0.108622332378
390,0.9995,0.00249995128252,5.39079380035,0.9819,0.11317951072
391,0.999216666667,0.00311552570201,5.35696196556,0.9824,0.113533089158
392,0.999366666667,0.00234205974266,5.36828303337,0.9828,0.113022483192
393,0.999233333333,0.00283560995013,5.43111801147,0.9823,0.114438814739
394,0.9993,0.00285987090319,5.45422697067,0.982,0.117858043983
395,0.9992,0.0030806188006,5.40270709991,0.9818,0.115885668636
396,0.999333333333,0.0026943765115,5.43893313408,0.9816,0.120405855496
397,0.99935,0.00230941968039,5.45122098923,0.9815,0.120223788057
398,0.9993,0.00318619934842,5.36587810516,0.9822,0.117154178826
399,0.999166666667,0.00285427435301,5.37595200539,0.9829,0.111052576601
400,0.998966666667,0.00371406204067,5.38444519043,0.9822,0.109581822318
401,0.999066666667,0.00297141005285,5.38258600235,0.9834,0.108225541673
402,0.999316666667,0.00298618827946,5.36751008034,0.9826,0.110859505879
403,0.999183333333,0.00291515816934,5.44131398201,0.9829,0.112860802487
404,0.9993,0.00315742637031,5.47102999687,0.9829,0.105744705362
405,0.9992,0.00334775750525,5.38460302353,0.9839,0.104378852944
406,0.999316666667,0.00265448563732,5.440980196,0.9831,0.115209378324
407,0.999416666667,0.00251908320934,5.45356893539,0.9835,0.110825646749
408,0.999533333333,0.00188407103997,5.4509780407,0.9832,0.11073979522
409,0.999316666667,0.0024218459148,5.45455408096,0.9833,0.105847091894
410,0.999383333333,0.00231098220684,5.45139789581,0.9833,0.107944964893
411,0.999166666667,0.0031775101088,5.45018982887,0.9833,0.105134114324
412,0.999383333333,0.00231624511071,5.3724899292,0.9828,0.107717381827
413,0.999483333333,0.00244340184145,5.37693190575,0.9836,0.102309106049
414,0.999016666667,0.0036216606386,5.36094903946,0.9827,0.10209203856
415,0.999316666667,0.00289000454359,5.43422079086,0.9819,0.105112954619
416,0.999266666667,0.00256239250302,5.36804485321,0.9829,0.10393600154
417,0.99935,0.00257145427167,5.38183116913,0.9828,0.10518185043
418,0.999133333333,0.00313216564246,5.43341803551,0.9832,0.109629834912
419,0.9991,0.00316813681275,5.37038803101,0.9829,0.114300966396
420,0.999416666667,0.00256321113557,5.45191812515,0.9835,0.110015715749
421,0.999416666667,0.00235020625405,5.4558300972,0.9836,0.111177740344
422,0.999383333333,0.00251647853293,5.4561111927,0.9834,0.109235195197
423,0.999483333333,0.00221631163731,5.37230610847,0.9833,0.107503323991
424,0.999216666667,0.00297864899039,5.4520471096,0.9827,0.107443155469
425,0.9994,0.00241057225503,5.46068882942,0.9833,0.108407699187
426,0.999383333333,0.00280227209441,5.45852589607,0.9826,0.110667563106
427,0.999366666667,0.00265584420413,5.35228204727,0.984,0.105890182569
428,0.999283333333,0.00267463433556,5.43065786362,0.9834,0.102843613845
429,0.999366666667,0.00253553153016,5.37875890732,0.9833,0.104632286664
430,0.999183333333,0.00298566208221,5.37904596329,0.9827,0.104246263809
431,0.999416666667,0.0025698740501,5.35776185989,0.9824,0.109905680175
432,0.99945,0.00219057453796,5.35420703888,0.9827,0.10465227247
433,0.999333333333,0.0026595084928,5.36167120934,0.9825,0.108154109759
434,0.999483333333,0.00208987202495,5.35960912704,0.9824,0.119154697399
435,0.9994,0.00230221287347,5.36731815338,0.983,0.113510643105
436,0.999283333333,0.00273932353593,5.43587398529,0.9831,0.113862845332
437,0.999283333333,0.00255453540012,5.45880389214,0.9816,0.114981086855
438,0.999316666667,0.00295872287825,5.4277100563,0.9819,0.11326666013
439,0.999466666667,0.00235283607617,5.40346002579,0.9826,0.112119979336
440,0.999316666667,0.00264618452638,5.44118714333,0.9833,0.107208155406
441,0.99935,0.00260678655468,5.40009593964,0.9816,0.114623019492
442,0.999233333333,0.00289454194717,5.35049104691,0.9832,0.109679322531
443,0.99925,0.00255627045408,5.38624501228,0.983,0.113663090198
444,0.999216666667,0.00325206853449,5.38174796104,0.9826,0.113800700082
445,0.999283333333,0.00256045768037,5.42753314972,0.9827,0.114764723356
446,0.9992,0.00304013933055,5.40634703636,0.9814,0.114140386566
447,0.9992,0.00314523419365,5.37696290016,0.9823,0.118196885346
448,0.9993,0.00287858070806,5.42818903923,0.9818,0.118436826056
449,0.9994,0.00253439182416,5.41652703285,0.9822,0.118242709358
450,0.999366666667,0.00247547100298,5.36224508286,0.9817,0.119350182719
451,0.9993,0.00259935413487,5.43371701241,0.9809,0.121241221883
452,0.999516666667,0.00216341554187,5.45395898819,0.9809,0.120015386319
453,0.99945,0.00232079066336,5.43606185913,0.9818,0.118573810744
454,0.9995,0.00180813041516,5.39630103111,0.9823,0.119141968773
455,0.9995,0.00196199724451,5.41581988335,0.9821,0.116637531781
456,0.999316666667,0.00289307697676,5.43871188164,0.9822,0.118877845215
457,0.999383333333,0.00252533005551,5.39115786552,0.9825,0.115465685463
458,0.999433333333,0.00220743333921,5.36089587212,0.9828,0.115951901149
459,0.999433333333,0.00225862674415,5.4151699543,0.9828,0.11542964413
460,0.999416666667,0.00240368000232,5.44463300705,0.9819,0.114130865717
461,0.999283333333,0.00273577473126,5.37568616867,0.9829,0.116637141004
462,0.99945,0.00242546992376,5.44315195084,0.9813,0.119980952252
463,0.999366666667,0.00229524844326,5.45915198326,0.9822,0.120812016043
464,0.99945,0.00201929570176,5.45654702187,0.9822,0.116354066897
465,0.999466666667,0.00196186522953,5.45682692528,0.9818,0.119791028211
466,0.999483333333,0.00209861109033,5.38987612724,0.9826,0.120149654684
467,0.999616666667,0.00174494588282,5.43588495255,0.9824,0.117127552918
468,0.999483333333,0.00270702131093,5.39687514305,0.9831,0.116770719671
469,0.999516666667,0.00210975692607,5.43871903419,0.9825,0.118750208584
470,0.999683333333,0.00134542526212,5.45714187622,0.9826,0.119130895436
471,0.999483333333,0.0018034131499,5.4404129982,0.9822,0.118342704325
472,0.999583333333,0.00229397579096,5.3970580101,0.9834,0.114124748006
473,0.99945,0.00193220609799,5.36082100868,0.9826,0.112374307952
474,0.99945,0.00258884439245,5.3866519928,0.983,0.112196437504
475,0.9994,0.00272199558094,5.39404702187,0.9832,0.111375904455
476,0.999466666667,0.00201070029289,5.4044148922,0.983,0.116256241111
477,0.999366666667,0.00246290792711,5.45914697647,0.9834,0.110520963818
478,0.9996,0.00187344884034,5.40193080902,0.9824,0.11260794582
479,0.9994,0.00242495932616,5.35423207283,0.9828,0.11131431761
480,0.99955,0.00212414329872,5.43882703781,0.9838,0.111750347393
481,0.9995,0.00202926946804,5.42201805115,0.9838,0.110908633021
482,0.999583333333,0.00171078275889,5.43988895416,0.9828,0.115563290903
483,0.999416666667,0.00244465027936,5.36158299446,0.9825,0.115961431306
484,0.99945,0.00193511007819,5.35340714455,0.9831,0.111257465816
485,0.999516666667,0.0020349805709,5.39081311226,0.983,0.112761691315
486,0.999533333333,0.00173954362981,5.40501904488,0.9831,0.111038189481
487,0.999666666667,0.00137117167469,5.37673306465,0.9824,0.115421496023
488,0.999433333333,0.00203967327252,5.44004797935,0.982,0.118224497997
489,0.99955,0.00216626515612,5.39309287071,0.9821,0.119261994309
490,0.999466666667,0.00224709534086,5.36197113991,0.982,0.117802915027
491,0.999616666667,0.00144103670027,5.35503578186,0.9817,0.118941830238
492,0.9994,0.00264433957636,5.36563706398,0.9816,0.120775315466
493,0.999483333333,0.00230328598991,5.42940378189,0.9824,0.11944738812
494,0.999433333333,0.00225712382235,5.43981003761,0.9828,0.117320303884
495,0.999466666667,0.0021015170496,5.36278009415,0.9835,0.114061452623
496,0.9995,0.00204136315733,5.4378631115,0.9843,0.110437357508
497,0.9996,0.00175259145908,5.40851998329,0.9836,0.112830608914
498,0.99945,0.00229561841115,5.52105617523,0.9832,0.115811799108
499,0.999416666667,0.00192343571689,5.4081017971,0.9839,0.111605060127
500,0.999566666667,0.00183649465907,5.37284517288,0.9839,0.112733480892
501,0.999383333333,0.00229274970479,5.36659693718,0.9834,0.112000053299
502,0.999383333333,0.00249034282751,5.43284487724,0.9835,0.113882840644
503,0.999283333333,0.00305567891337,5.39692091942,0.9831,0.110996669729
504,0.99935,0.00292647187598,5.37891817093,0.9833,0.109237268293
505,0.9996,0.00164952117484,5.43848609924,0.984,0.110778184152
506,0.99945,0.00219317129813,5.36865401268,0.9829,0.11289111139
507,0.999566666667,0.00206456426531,5.35977888107,0.9832,0.113254874068
508,0.9994,0.00232510524802,5.35667896271,0.9836,0.112633078709
509,0.9994,0.00218518218026,5.43547487259,0.9827,0.1089348063
510,0.999416666667,0.00242060027085,5.3946211338,0.983,0.112987964737
511,0.999383333333,0.00233053718694,5.35908603668,0.9836,0.113093363453
512,0.999566666667,0.00166507938411,5.43916416168,0.9838,0.111013515157
513,0.999583333333,0.00196390924975,5.35773992538,0.9833,0.109284842619
514,0.999616666667,0.00158381368965,5.36549210548,0.9836,0.108723373502
515,0.999416666667,0.002439920092,5.43685603142,0.9841,0.107392680898
516,0.999466666667,0.00197702925652,5.41554093361,0.9845,0.109112867417
517,0.999516666667,0.00183945463505,5.4343829155,0.9837,0.1108514007
518,0.99945,0.00194479641505,5.3531870842,0.9838,0.112983782383
519,0.999616666667,0.00170887156855,5.40792012215,0.9842,0.114297423704
520,0.99955,0.00189082324505,5.37014198303,0.9835,0.112023745482
521,0.99945,0.00210257666185,5.43716406822,0.9835,0.114607068671
522,0.99955,0.00188935059123,5.42642712593,0.9829,0.115165513072
523,0.999333333333,0.0026572518982,5.38866305351,0.9826,0.115097402909
524,0.99955,0.00173450773582,5.44434213638,0.9827,0.116990803537
525,0.999433333333,0.00202218582854,5.37597799301,0.9827,0.114478703314
526,0.999566666667,0.0019377382705,5.46013498306,0.9833,0.115561083309
527,0.9995,0.00197910307907,5.35737609863,0.9835,0.11720734768
528,0.999483333333,0.00197515706532,5.43140602112,0.9831,0.11699915888
529,0.99945,0.00252472842112,5.4605281353,0.9832,0.116743981974
530,0.999433333333,0.0027689577546,5.35415887833,0.9822,0.115120658423
531,0.999433333333,0.00250449520536,5.38802099228,0.9827,0.118729658651
532,0.999516666667,0.00232825428247,5.41867899895,0.9834,0.116581409965
533,0.999366666667,0.00251529039815,5.36145305634,0.9834,0.113134749739
534,0.9995,0.00195750501007,5.37195515633,0.9835,0.113983986073
535,0.999583333333,0.00194880866911,5.37548899651,0.9836,0.11646224013
536,0.99955,0.00188002653886,5.43796300888,0.9829,0.120064721044
537,0.999583333333,0.00182221783325,5.39816093445,0.9834,0.115061300568
538,0.9995,0.00202457094565,5.43658804893,0.9833,0.117267428885
539,0.9995,0.00204396271147,5.44696092606,0.9832,0.11442232482
540,0.9995,0.00202613975853,5.45525097847,0.9827,0.117732025358
541,0.999533333333,0.00188046111725,5.36029696465,0.9831,0.116099872316
542,0.999616666667,0.00170677772257,5.36781311035,0.9835,0.114288104316
543,0.9995,0.0017771194689,5.35951089859,0.9837,0.117501805806
544,0.9995,0.00217105261981,5.43254184723,0.9836,0.113808927691
545,0.9995,0.00203889352269,5.45307397842,0.9833,0.114410165361
546,0.999466666667,0.00240743765607,5.43694400787,0.9833,0.111790772321
547,0.99965,0.00169197283685,5.35154104233,0.9836,0.111925851883
548,0.999566666667,0.00170787924435,5.41017699242,0.9829,0.113301210386
549,0.999383333333,0.00276993517764,5.35470199585,0.9836,0.109009521817
550,0.999533333333,0.00179261877201,5.36667203903,0.9833,0.111446390739
551,0.999366666667,0.00239335023798,5.41086888313,0.9835,0.112698991502
552,0.999516666667,0.00199831346981,5.44010210037,0.9835,0.113643118112
553,0.9996,0.00181463931222,5.4638261795,0.9835,0.112777678295
554,0.999483333333,0.00254445592873,5.45108699799,0.9832,0.114326612581
555,0.999533333333,0.00187373720109,5.44022417068,0.983,0.113108905992
556,0.999483333333,0.00191709923092,5.36211800575,0.983,0.11358219975
557,0.9995,0.00180235109292,5.36547493935,0.9832,0.114203922274
558,0.999466666667,0.00197684462182,5.4386370182,0.9825,0.116686610861
559,0.999566666667,0.00175319518894,5.45408511162,0.9828,0.11727147322
560,0.999666666667,0.00137506576721,5.3642771244,0.9831,0.116923825776
561,0.999566666667,0.00180639268365,5.37201595306,0.9831,0.118544041761
562,0.99955,0.00143471651245,5.36856007576,0.9838,0.114527469079
563,0.999666666667,0.00162716791965,5.36105895042,0.9836,0.114727575964
564,0.999666666667,0.00144920451567,5.44053888321,0.9838,0.11354626783
565,0.99945,0.00193450669758,5.38442707062,0.9839,0.115078281622
566,0.9996,0.00174657267053,5.37099909782,0.9833,0.116428629965
567,0.999566666667,0.00186396169011,5.36426997185,0.983,0.117004541816
568,0.999466666667,0.00202038814314,5.39201593399,0.983,0.115648255696
569,0.9996,0.00158795190509,5.41575503349,0.984,0.111191673025
570,0.999383333333,0.00222047721036,5.43818092346,0.9841,0.110583359371
571,0.9994,0.00243681482971,5.44065308571,0.9846,0.107748897986
572,0.99965,0.00158349785488,5.36352300644,0.9841,0.108827163517
573,0.999516666667,0.00186911760829,5.36083698273,0.984,0.108127777292
574,0.999366666667,0.00214762054384,5.44984602928,0.9838,0.113223760662
575,0.99965,0.0015286214184,5.3842818737,0.9829,0.11790025183
576,0.999483333333,0.00210125558078,5.44101381302,0.9833,0.116617901619
577,0.999416666667,0.00247023464181,5.45448708534,0.983,0.11968420985
578,0.999616666667,0.00158186873887,5.35793709755,0.9837,0.117665268707
579,0.9995,0.00200327648781,5.39239096642,0.9841,0.118571092262
580,0.999616666667,0.00181272963528,5.43788003922,0.9843,0.114816000709
581,0.999516666667,0.00182784534991,5.45310401917,0.9843,0.114802768076
582,0.999533333333,0.00170183554292,5.36316204071,0.984,0.117558275255
583,0.99965,0.00153250596486,5.36714982986,0.9835,0.114949402379
584,0.999433333333,0.00196143519133,5.35842299461,0.9842,0.119101753031
585,0.99955,0.00190548622049,5.43332505226,0.9842,0.115856367881
586,0.999633333333,0.00190045416821,5.41291999817,0.9825,0.116861934057
587,0.999566666667,0.00189626251813,5.43919301033,0.9832,0.121211698331
588,0.9996,0.00151384377386,5.43440699577,0.9837,0.114579972543
589,0.99965,0.00152428203728,5.43523001671,0.984,0.111196409793
590,0.999583333333,0.00184601033106,5.35633301735,0.9844,0.111987026975
591,0.9995,0.00187876459677,5.39280509949,0.9843,0.1177077756
592,0.999533333333,0.00197609816678,5.43407797813,0.984,0.11320775386
593,0.99955,0.00157730292995,5.36876296997,0.9836,0.115770086217
594,0.999533333333,0.00202440307476,5.4344420433,0.9833,0.113594953099
595,0.999466666667,0.00199100072496,5.39053487778,0.9836,0.11463877296
596,0.9997,0.00128104700707,5.43266582489,0.9839,0.113217681921
597,0.999633333333,0.00146621605381,5.41900992393,0.9843,0.115598547758
598,0.999433333333,0.00210440554656,5.39294505119,0.9837,0.116263369421
599,0.999616666667,0.00143225886859,5.3697988987,0.9827,0.117542233065
600,0.99955,0.0016707534669,5.39521503448,0.9836,0.118468212262
601,0.99965,0.00174098683055,5.35696911812,0.9825,0.118875297954
602,0.999483333333,0.00210271775723,5.43012595177,0.9823,0.121188971963
603,0.999466666667,0.00192200264428,5.43556714058,0.9831,0.118929460072
604,0.999683333333,0.00129187642597,5.45614886284,0.9835,0.117402169887
605,0.99955,0.00179445487447,5.45090413094,0.9831,0.117048047682
606,0.999783333333,0.00112045020796,5.41212105751,0.9834,0.119576181992
607,0.999633333333,0.00152451626491,5.36191606522,0.9838,0.117886177982
608,0.99955,0.00177819770761,5.36014199257,0.9837,0.117903243471
609,0.999616666667,0.00145542633254,5.3803601265,0.9838,0.116923340462
610,0.9996,0.00168760563247,5.41305780411,0.9836,0.115260670127
611,0.999666666667,0.00125447218306,5.38184404373,0.9843,0.114087753022
612,0.99965,0.00132763828151,5.39349508286,0.9845,0.116555918165
613,0.999633333333,0.00153697258793,5.43227696419,0.9842,0.117684953092
614,0.9997,0.001346928766,5.35620093346,0.9839,0.117550260034
615,0.99955,0.00168702204246,5.43556785583,0.9844,0.119316648961
616,0.9997,0.00166936742608,5.43925189972,0.9837,0.116002636576
617,0.99955,0.0019012283301,5.40849494934,0.9838,0.119642239452
618,0.999466666667,0.00221907068044,5.43477582932,0.9828,0.120608041385
619,0.999633333333,0.00167122087441,5.4522459507,0.9832,0.119078200329
620,0.999616666667,0.00151372456457,5.40155696869,0.9829,0.117078753562
621,0.999716666667,0.00132789334748,5.41057085991,0.9834,0.119639811773
622,0.999716666667,0.00118086498696,5.45067501068,0.9828,0.117586030879
623,0.99955,0.00181616633199,5.45787882805,0.9839,0.116472968233
624,0.99955,0.00180015678052,5.46171593666,0.9828,0.121471872101
625,0.9996,0.00170075020287,5.4368391037,0.9831,0.121314937612
626,0.9994,0.00247706985101,5.42578792572,0.9834,0.120150167906
627,0.99945,0.00215157191269,5.43272995949,0.9831,0.120201650987
628,0.999583333333,0.00178027548827,5.44840908051,0.9833,0.11839783649
629,0.99955,0.00191846047528,5.3552339077,0.9838,0.116188879289
630,0.999666666667,0.00121276872233,5.35452008247,0.9834,0.117311404818
631,0.999566666667,0.0018466077745,5.42978906631,0.9833,0.117486023358
632,0.99955,0.00176014914177,5.35781598091,0.9831,0.119583467914
633,0.999583333333,0.00159474206157,5.43204689026,0.9833,0.119874162185
634,0.999616666667,0.001467419439,5.36091184616,0.9836,0.125599233034
635,0.99955,0.00166845554486,5.37558293343,0.9836,0.120756219934
636,0.999666666667,0.00145808060188,5.35960102081,0.9835,0.118163026416
637,0.999583333333,0.00173949345481,5.37921905518,0.9837,0.120387500592
638,0.999583333333,0.00176682358142,5.41556596756,0.9837,0.121442005819
639,0.99965,0.00157449382823,5.355905056,0.9834,0.121036400667
640,0.999616666667,0.00155480136164,5.38133716583,0.9831,0.120324975186
641,0.999733333333,0.00148859352339,5.4095158577,0.983,0.120456623932
642,0.999533333333,0.00211230432615,5.43275713921,0.983,0.121721578673
643,0.9997,0.00145119428635,5.40507602692,0.9825,0.122478581469
644,0.999666666667,0.00151112151798,5.43634295464,0.9834,0.12005456471
645,0.99965,0.00139899447095,5.3923201561,0.9837,0.122224010869
646,0.999566666667,0.0021109143272,5.44286894798,0.9835,0.122622257476
647,0.9996,0.00135770742781,5.35947203636,0.9835,0.123769048776
648,0.99965,0.00117495190352,5.4375,0.983,0.123956415351
649,0.999433333333,0.00203776289709,5.45703792572,0.9833,0.118883745355
650,0.99965,0.00168062513694,5.44611382484,0.983,0.116734369764
651,0.999383333333,0.00237685139291,5.36422419548,0.9829,0.121213357099
652,0.9995,0.00178275373764,5.37122607231,0.9838,0.117363614301
653,0.999666666667,0.00158600846771,5.37679290771,0.9838,0.119185827297
654,0.99965,0.00131011346821,5.35635399818,0.9834,0.122944676491
655,0.999483333333,0.0025230422616,5.38194394112,0.9828,0.121574665683
656,0.99965,0.00163872085977,5.36353993416,0.9825,0.121382081535
657,0.999683333333,0.00140530243516,5.35625100136,0.983,0.117785638553
658,0.999566666667,0.00164303847123,5.38218092918,0.9836,0.116166258648
659,0.999733333333,0.00124361831695,5.35725593567,0.9838,0.116351655563
660,0.999483333333,0.0018177696038,5.35487413406,0.9834,0.113069969674
661,0.999683333333,0.00146656681318,5.43057990074,0.9832,0.116727384534
662,0.999433333333,0.00264497101307,5.38208007812,0.9835,0.117902873849
663,0.999633333333,0.00166816276032,5.3824441433,0.9841,0.115479995038
664,0.9997,0.00129611871671,5.43753314018,0.9839,0.116481370621
665,0.999583333333,0.00144817424007,5.35359406471,0.9846,0.112259246356
666,0.999516666667,0.00184427190106,5.43940114975,0.9836,0.109979041887
667,0.9996,0.0018693987513,5.35699987411,0.9828,0.114139699821
668,0.99955,0.00169716007076,5.43768596649,0.9838,0.115405647101
669,0.9995,0.00187265337445,5.45621204376,0.9839,0.113922168181
670,0.999516666667,0.00204193312675,5.45488405228,0.9836,0.114443826611
671,0.999716666667,0.00126040715259,5.38413000107,0.9836,0.113290880083
672,0.999533333333,0.00183659570757,5.38227105141,0.9832,0.114566378531
673,0.99955,0.00163239869289,5.39082407951,0.9837,0.11508834808
674,0.999683333333,0.00133958482184,5.44018101692,0.9832,0.115180263256
675,0.9997,0.00144880905282,5.41068100929,0.9839,0.112482090629
676,0.999533333333,0.00204391730949,5.39349317551,0.9826,0.11515546307
677,0.999733333333,0.00122375006322,5.39467406273,0.9832,0.11405837133
678,0.99965,0.00169964227825,5.35985994339,0.9835,0.118193926507
679,0.999533333333,0.00179713149555,5.43369984627,0.983,0.114361114307
680,0.999733333333,0.00176170375198,5.42562389374,0.9834,0.112540982365
681,0.999566666667,0.00187765015289,5.41726398468,0.9834,0.112156323283
682,0.9998,0.00104805547744,5.36416006088,0.984,0.11277910044
683,0.999616666667,0.00163081113715,5.35614800453,0.9834,0.112981567199
684,0.99955,0.0015802095877,5.3946352005,0.9836,0.115941374672
685,0.999766666667,0.00110415008385,5.37220215797,0.984,0.118688212828
686,0.999716666667,0.00137489230838,5.35538816452,0.9837,0.119044151882
687,0.999566666667,0.00152102706488,5.38912796974,0.9834,0.11805328862
688,0.999516666667,0.00190174707677,5.43940782547,0.9835,0.115762268922
689,0.999633333333,0.00166744971648,5.41129899025,0.9831,0.118549747505
690,0.999633333333,0.00184476468712,5.38779997826,0.9835,0.117807599123
691,0.9997,0.00140602432657,5.4462389946,0.9836,0.117128681431
692,0.999616666667,0.00152321602218,5.36557793617,0.9831,0.114852602235
693,0.999633333333,0.00149265315849,5.44352817535,0.9839,0.114444389512
694,0.9996,0.00185279769357,5.39657306671,0.9829,0.11575701965
695,0.99965,0.00147098919842,5.41864609718,0.9828,0.117525992434
696,0.999833333333,0.000775922497269,5.37178206444,0.9831,0.118053970127
697,0.99945,0.00199910975061,5.36919498444,0.9828,0.119200147614
698,0.999583333333,0.0018103729235,5.35490894318,0.9831,0.116264350821
699,0.999616666667,0.001348378486,5.43935489655,0.9833,0.114906327269
700,0.9996,0.00140116270632,5.45909500122,0.9832,0.118194264812
701,0.999666666667,0.00161071307957,5.43906593323,0.9835,0.115428976024
702,0.999616666667,0.00175316596869,5.4588830471,0.9835,0.11817946154
703,0.99965,0.00132103986107,5.37227487564,0.9833,0.116355450353
704,0.99965,0.00166473386344,5.4277150631,0.9831,0.113299841533
705,0.99965,0.00158531311899,5.39446806908,0.9835,0.116533349249
706,0.999683333333,0.00148826604709,5.4115049839,0.9833,0.117285194284
707,0.999633333333,0.00158023508266,5.43858981133,0.9827,0.117766885615
708,0.99965,0.00153628189582,5.45045518875,0.9825,0.114809649837
709,0.9995,0.00208621565253,5.37009382248,0.9828,0.113716647329
710,0.999616666667,0.0015548201045,5.41049599648,0.9835,0.108956234266
711,0.999466666667,0.00206498405896,5.44156193733,0.9831,0.111662273713
712,0.999633333333,0.00142915907782,5.45471811295,0.9826,0.113873556634
713,0.99955,0.00162399769761,5.40011501312,0.9826,0.120835423711
714,0.999683333333,0.00135906110518,5.35342216492,0.9828,0.120114607444
715,0.999516666667,0.00184138666373,5.43904900551,0.9824,0.12176249479
716,0.99965,0.00125802261755,5.41758799553,0.9826,0.118309163573
717,0.999616666667,0.00155568215996,5.36387610435,0.9842,0.115128325593
718,0.99965,0.001448518713,5.42645597458,0.9836,0.118123252459
719,0.999583333333,0.00172780884895,5.41615200043,0.9835,0.111371310738
720,0.999733333333,0.00103238411248,5.41027402878,0.983,0.112061026739
721,0.999733333333,0.00121560133994,5.35563516617,0.9834,0.115158106766
722,0.9995,0.0018130550161,5.37854003906,0.9831,0.116614487405
723,0.999566666667,0.0016350626247,5.38814592361,0.9837,0.11532916765
724,0.999583333333,0.00155557680409,5.36740279198,0.9834,0.11279820011
725,0.999716666667,0.0012893837411,5.4277908802,0.9833,0.113147330052
726,0.9996,0.00148949457798,5.35454201698,0.983,0.116372964327
727,0.99965,0.00179871672299,5.43280816078,0.9834,0.115585801448
728,0.999633333333,0.00165931321681,5.37474703789,0.9831,0.117134333331
729,0.999733333333,0.000954151968472,5.39508891106,0.9824,0.117412406691
730,0.999766666667,0.00136139860842,5.36045908928,0.9831,0.116489435482
731,0.999633333333,0.00130060454831,5.44068288803,0.9832,0.11969506735
732,0.999533333333,0.00167433044408,5.40612483025,0.9835,0.117766887505
733,0.999666666667,0.00165746710263,5.43932580948,0.9835,0.115436288697
734,0.9996,0.0016457720194,5.45649290085,0.9838,0.113410856658
735,0.999566666667,0.00157207413577,5.43787884712,0.9836,0.113652406228
736,0.9997,0.00134082289878,5.36776900291,0.9837,0.113872144861
737,0.999666666667,0.00141300377436,5.37567806244,0.9842,0.114362757011
738,0.9996,0.00132779160049,5.37220811844,0.9839,0.11297690378
739,0.9998,0.000870291900355,5.36479997635,0.9833,0.115058911837
740,0.9997,0.00101949134842,5.43861889839,0.984,0.112193677151
741,0.999716666667,0.0012998660095,5.46149277687,0.9834,0.11286499783
742,0.9996,0.00184102333151,5.42550683022,0.9842,0.111682799446
743,0.999616666667,0.00129292148631,5.35732698441,0.9839,0.109960144666
744,0.999566666667,0.00170777004678,5.37362098694,0.9842,0.109725293537
745,0.999633333333,0.00169811805245,5.46005010605,0.9846,0.109660172126
746,0.9997,0.00130548514426,5.36857700348,0.9842,0.110869614366
747,0.999583333333,0.00185234157834,5.43514895439,0.9839,0.113547127707
748,0.999616666667,0.00159767561127,5.46132397652,0.9841,0.114112045747
749,0.999583333333,0.00138729659375,5.43928909302,0.984,0.113218776158
750,0.9998,0.00104916281998,5.45828294754,0.9839,0.11348764541
751,0.999683333333,0.00127577083185,5.42891216278,0.9843,0.114406126045
752,0.999616666667,0.00185022130609,5.40561103821,0.9842,0.111682080058
753,0.99965,0.00151040358469,5.43200302124,0.9841,0.113216623171
754,0.999683333333,0.00132563523948,5.35884809494,0.9843,0.111285893677
755,0.99965,0.00144585745875,5.43789601326,0.9845,0.109741687931
756,0.99965,0.00139439955819,5.46377587318,0.9835,0.112159439129
757,0.999666666667,0.00130666722544,5.3540251255,0.9837,0.112157865589
758,0.99965,0.00135818053968,5.43878412247,0.9834,0.113353683153
759,0.9997,0.00130303576589,5.458974123,0.9833,0.11159256015
760,0.99965,0.0011103785364,5.39089298248,0.983,0.110554286578
761,0.999733333333,0.00121809646953,5.40376210213,0.983,0.110511249001
762,0.999516666667,0.00178312347271,5.38293409348,0.9831,0.112186544731
763,0.999666666667,0.00129469530657,5.38806509972,0.9832,0.113686524727
764,0.9996,0.00169235281646,5.38400197029,0.9828,0.117988761902
765,0.999666666667,0.00156935490668,5.36351203918,0.9834,0.119443494842
766,0.999766666667,0.0013233294012,5.44180607796,0.9829,0.119525059347
767,0.999733333333,0.00113357265946,5.3714389801,0.9832,0.116977777588
768,0.99965,0.00132422358729,5.42616891861,0.9825,0.116293717924
769,0.999766666667,0.0011823453242,5.36794805527,0.9836,0.117429066282
770,0.9996,0.00158286804799,5.43866491318,0.9831,0.119667209032
771,0.999616666667,0.00166010914836,5.4498488903,0.9837,0.118949720894
772,0.999716666667,0.0011777827749,5.39071106911,0.9834,0.121655765079
773,0.999566666667,0.00142275553662,5.35792303085,0.9836,0.118803398443
774,0.99965,0.0012984451605,5.4419631958,0.9837,0.118289803475
775,0.9997,0.00133554660715,5.45239901543,0.9833,0.11699661264
776,0.99975,0.00107624230441,5.45790100098,0.9835,0.116244301968
777,0.9997,0.00107734964695,5.40277504921,0.9847,0.114393472025
778,0.999666666667,0.00139502284583,5.4224550724,0.9842,0.117605355778
779,0.999666666667,0.0016490338603,5.43490195274,0.9837,0.118014821162
780,0.99965,0.00138268840965,5.36014199257,0.984,0.11738412428
781,0.999733333333,0.0011425758712,5.4310259819,0.9837,0.118168444316
782,0.999616666667,0.00134941050783,5.36361289024,0.9828,0.120128422913
783,0.999733333333,0.00103053578641,5.43079018593,0.9824,0.121623361948
784,0.999566666667,0.00162137893494,5.37045884132,0.9816,0.120518083918
785,0.999783333333,0.00100395816844,5.38421797752,0.9827,0.117027702903
786,0.9998,0.00109757424798,5.41111803055,0.9821,0.118193133574
787,0.9996,0.00204855599441,5.40628600121,0.9822,0.120632715288
788,0.99965,0.00147502496839,5.44101595879,0.9822,0.121312532077
789,0.999733333333,0.00115022377577,5.42617607117,0.9824,0.119358438312
790,0.999583333333,0.00184822047595,5.35832309723,0.9825,0.11934404619
791,0.999666666667,0.00133185216691,5.43041992188,0.9825,0.118441363207
792,0.9996,0.00153120909818,5.44257688522,0.9826,0.11785711243
793,0.999566666667,0.00150193274021,5.45324015617,0.9833,0.118265922082
794,0.999633333333,0.00163314433303,5.43108391762,0.9826,0.119862843359
795,0.99975,0.000844712310936,5.44884991646,0.9826,0.120467431159
796,0.999733333333,0.00116790144239,5.45451688766,0.9822,0.119742471508
797,0.999666666667,0.00110283738468,5.37467288971,0.983,0.117775165697
798,0.999683333333,0.00117546820547,5.43143105507,0.9835,0.116904433372
799,0.999733333333,0.00118358619511,5.43617510796,0.9839,0.116113521245
800,0.999616666667,0.00142672192305,5.45605897903,0.9841,0.116140614857
801,0.999783333333,0.00117279717233,5.43467211723,0.9834,0.112138727196
802,0.999733333333,0.00130943837576,5.36667490005,0.9836,0.113406673266
803,0.999733333333,0.00134286726825,5.3877928257,0.9834,0.113727615049
804,0.999716666667,0.00135476049036,5.42170786858,0.9829,0.11511115635
805,0.9997,0.00136928795837,5.42091989517,0.9824,0.116377761099
806,0.9997,0.00111761561129,5.35834503174,0.9827,0.116015203823
807,0.999766666667,0.000868756498676,5.43671917915,0.9837,0.116981176018
808,0.999633333333,0.00152806250844,5.45360708237,0.983,0.117192780527
809,0.99965,0.00129999266937,5.4501478672,0.9831,0.116092531021
810,0.999666666667,0.00134264945518,5.43756389618,0.9826,0.12035626408
811,0.999666666667,0.00128748617135,5.37449598312,0.9825,0.119765380481
812,0.999716666667,0.00136938830838,5.44006490707,0.983,0.119173962493
813,0.999716666667,0.00106300937477,5.37309598923,0.9822,0.119296324448
814,0.999583333333,0.00154604064301,5.38001799583,0.9832,0.118581839181
815,0.9996,0.00165701203514,5.43951106071,0.9828,0.119450080708
816,0.99965,0.00157996627968,5.44709396362,0.9831,0.118406330573
817,0.999616666667,0.00140261359047,5.45616602898,0.9835,0.122047309987
818,0.999616666667,0.00187707168516,5.39321494102,0.9829,0.121471333254
819,0.9997,0.00142769876402,5.43289899826,0.9832,0.120823050215
820,0.999716666667,0.0010719547281,5.43665289879,0.9835,0.123119303942
821,0.99965,0.00139045680407,5.36387896538,0.9826,0.123030396125
822,0.999683333333,0.00140026758891,5.43776106834,0.9835,0.12535444818
823,0.999716666667,0.00133720703889,5.37370705605,0.982,0.129582134349
824,0.999633333333,0.00145398115274,5.43862390518,0.9825,0.125291819541
825,0.9996,0.00159073364921,5.45158481598,0.9826,0.123999113001
826,0.99965,0.00152618961874,5.4278819561,0.9826,0.122588827416
827,0.999733333333,0.00121673173271,5.41722488403,0.9829,0.122562172749
828,0.999783333333,0.00102131301537,5.3582649231,0.9829,0.121756929588
829,0.999683333333,0.00137930375058,5.44438314438,0.9827,0.121720448474
830,0.999583333333,0.00141691102181,5.45060396194,0.9827,0.121667844637
831,0.9997,0.00132638553623,5.38727402687,0.9823,0.124163982182
832,0.9998,0.000940660829656,5.35939097404,0.9823,0.124280080421
833,0.999716666667,0.00109201332089,5.37887406349,0.9832,0.118873091424
834,0.9997,0.00114134396426,5.44621396065,0.9835,0.118991432107
835,0.999616666667,0.00117432279512,5.37255787849,0.9831,0.117848882007
836,0.999883333333,0.000872887147125,5.41376495361,0.9833,0.117928540046
837,0.999666666667,0.00144364289008,5.38470196724,0.9832,0.117378640133
838,0.99975,0.00110716186464,5.43378996849,0.9829,0.120552755816
839,0.999683333333,0.00114370917436,5.4446618557,0.9836,0.115582679835
840,0.999616666667,0.00142497429624,5.45072388649,0.9831,0.117931073912
841,0.99965,0.00121225358453,5.46331715584,0.9828,0.114538257416
842,0.999766666667,0.000954927818384,5.42420601845,0.9835,0.116888443785
843,0.99975,0.00102615857031,5.36997199059,0.9829,0.115138170727
844,0.999633333333,0.00147243100218,5.44954299927,0.9832,0.116227812812
845,0.999766666667,0.000970780209173,5.36928296089,0.9827,0.115049081665
846,0.9997,0.00148070952855,5.38904285431,0.9833,0.116310388304
847,0.999683333333,0.00133371679112,5.36613297462,0.9828,0.117385472891
848,0.999533333333,0.00173737923615,5.3918838501,0.9831,0.116345390898
849,0.999583333333,0.00181606539991,5.38725495338,0.9838,0.115652335681
850,0.999733333333,0.00133175076917,5.39344501495,0.9836,0.115342536806
851,0.999616666667,0.00143196992576,5.38584208488,0.9844,0.111814354873
852,0.999733333333,0.00152514653746,5.4459900856,0.9831,0.113453136182
853,0.999683333333,0.00160008855164,5.41609597206,0.9836,0.113657988139
854,0.99975,0.00143894809298,5.45174789429,0.9835,0.114710760336
855,0.9997,0.00112211576197,5.44612503052,0.9838,0.115743106047
856,0.999716666667,0.00112118176185,5.43782377243,0.9832,0.116178488258
857,0.999833333333,0.000915648764931,5.40947318077,0.9833,0.116140233774
858,0.999766666667,0.00146316736937,5.4446439743,0.9833,0.116537014991
859,0.9997,0.00107183097862,5.46965503693,0.9828,0.116438798581
860,0.999566666667,0.00185978482477,5.45707201958,0.9826,0.120938942555
861,0.999716666667,0.00122160708997,5.36729502678,0.9828,0.119290887743
862,0.999666666667,0.00157451140694,5.44785284996,0.9833,0.117676376295
863,0.999683333333,0.00124333670828,5.4600508213,0.983,0.115534271063
864,0.999783333333,0.00120815704577,5.36088609695,0.9832,0.116820789004
865,0.999816666667,0.000831880548503,5.3663289547,0.9831,0.117544503739
866,0.99965,0.00128934369422,5.36351203918,0.9836,0.116126383316
867,0.999716666667,0.00123092113063,5.378895998,0.9837,0.116355258303
868,0.999683333333,0.00127529830206,5.44919800758,0.9831,0.116358530417
869,0.999783333333,0.000870756397489,5.45706796646,0.9827,0.116632862116
870,0.999783333333,0.00106428028084,5.45266318321,0.9831,0.115507290708
871,0.999816666667,0.000933601113502,5.45712995529,0.9836,0.115499232618
872,0.99965,0.00137911143247,5.41931200027,0.9835,0.118376712015
873,0.999683333333,0.00147154263686,5.4427959919,0.9841,0.115198672726
874,0.999833333333,0.000761974719353,5.46446585655,0.9837,0.114753535691
875,0.999683333333,0.00143497553654,5.40838599205,0.9837,0.114560333541
876,0.999566666667,0.00175509508699,5.42396688461,0.9834,0.118683297771
877,0.999683333333,0.00126047094818,5.4136531353,0.9833,0.117394776626
878,0.999666666667,0.00135451019742,5.36564517021,0.9828,0.118718631182
879,0.999816666667,0.000797747750767,5.3633852005,0.983,0.116923188062
880,0.999733333333,0.00120321090799,5.4241540432,0.983,0.118684828182
881,0.99965,0.00160104583483,5.39578700066,0.9831,0.118642654033
882,0.999716666667,0.00105518463533,5.44261312485,0.9836,0.117478797815
883,0.999666666667,0.00123118085321,5.46340203285,0.9829,0.117954993136
884,0.999733333333,0.00139477406628,5.38444876671,0.983,0.117064900045
885,0.999766666667,0.000954855117016,5.44570684433,0.9833,0.117891938119
886,0.999683333333,0.00119025295135,5.38768792152,0.9833,0.119219283331
887,0.9998,0.00073468737537,5.35739898682,0.9836,0.118465182306
888,0.999683333333,0.00113325298298,5.36862802505,0.9834,0.116608331352
889,0.999716666667,0.00118768040556,5.35955405235,0.9834,0.116972818432
890,0.999766666667,0.00110158056486,5.35578203201,0.9832,0.118853410579
891,0.999683333333,0.00135044776835,5.41203212738,0.9832,0.117678915156
892,0.9997,0.00150980171748,5.44517421722,0.9832,0.117190016247
893,0.999766666667,0.00112469913438,5.44066095352,0.983,0.119422395248
894,0.99975,0.00100539065897,5.41338300705,0.9836,0.116709191994
895,0.999766666667,0.00100727577228,5.36725616455,0.9833,0.119241653207
896,0.999633333333,0.00123099051416,5.362210989,0.9835,0.118275409307
897,0.999666666667,0.00148730084766,5.3783121109,0.9835,0.117952680447
898,0.999733333333,0.00108341954183,5.36948108673,0.9836,0.119552200126
899,0.999783333333,0.00096930237487,5.44210791588,0.9832,0.118914327731
900,0.999716666667,0.00106685305946,5.44992899895,0.9837,0.119735064258
901,0.999716666667,0.00127193098888,5.45756292343,0.983,0.120227061031
902,0.99975,0.00121573358774,5.45528697968,0.9834,0.120200056967
903,0.999716666667,0.00132125546224,5.46559500694,0.9829,0.122549455612
904,0.999866666667,0.000843146874104,5.41540598869,0.983,0.122123881522
905,0.999633333333,0.00128583819605,5.44382691383,0.983,0.122658472977
906,0.999666666667,0.00142203946598,5.40125918388,0.9831,0.126123971723
907,0.99975,0.00127538398374,5.36439704895,0.983,0.124966989585
908,0.99955,0.00180437718518,5.37592101097,0.9839,0.122630019531
909,0.999716666667,0.00131066516042,5.41951799393,0.983,0.12182058291
910,0.99985,0.000757429806981,5.36193108559,0.9833,0.122239326851
911,0.9999,0.000400467775762,5.38504695892,0.983,0.12387098498
912,0.999716666667,0.00146186549682,5.39450216293,0.9836,0.119947992922
913,0.999733333333,0.00112669495866,5.44045710564,0.9839,0.120224296063
914,0.99975,0.00131837977096,5.45840787888,0.9833,0.119062255967
915,0.99975,0.000991754233837,5.38532805443,0.9832,0.119769394538
916,0.9998,0.000797014683485,5.35450100899,0.9831,0.122048322589
917,0.999716666667,0.00103762117215,5.40534806252,0.9833,0.12199985662
918,0.999733333333,0.00103086326271,5.4453868866,0.9835,0.122574363216
919,0.9998,0.00092552107526,5.42849421501,0.9836,0.12315368934
920,0.99975,0.00133089628071,5.36019992828,0.9836,0.122346974738
921,0.999666666667,0.00137026491575,5.44189095497,0.9837,0.122192801879
922,0.999766666667,0.00106997473631,5.45963811874,0.9839,0.123604471473
923,0.99965,0.00139171781484,5.35674309731,0.9837,0.123513613206
924,0.999816666667,0.000908004527446,5.36555814743,0.9839,0.123004385513
925,0.999816666667,0.000928137858864,5.35766196251,0.984,0.122191667736
926,0.9998,0.00103155884426,5.44029116631,0.9836,0.123679593355
927,0.99985,0.000798518012743,5.46111297607,0.9833,0.122710511619
928,0.999633333333,0.00164868647698,5.45957803726,0.9832,0.122777617759
929,0.99975,0.000930219015572,5.413022995,0.9837,0.121564421084
930,0.999733333333,0.00117851258256,5.44813513756,0.9835,0.121243423001
931,0.99975,0.00113253842574,5.4507651329,0.9837,0.119854549951
932,0.99975,0.00107057008427,5.36157894135,0.9837,0.118907863222
933,0.9996,0.00150611542631,5.42540216446,0.9828,0.120886422468
934,0.999683333333,0.0012712177122,5.44609594345,0.9829,0.118756471926
935,0.999716666667,0.00131634948775,5.37800598145,0.9831,0.120526444096
936,0.999683333333,0.00134976860136,5.41941189766,0.9833,0.122180681651
937,0.9998,0.00106663396582,5.44096708298,0.9834,0.122151593515
938,0.999816666667,0.000790421559941,5.3652920723,0.9844,0.119058255765
939,0.999716666667,0.00104294146877,5.44022512436,0.9848,0.117603153415
940,0.999683333333,0.00114679092076,5.36579585075,0.984,0.118065389374
941,0.99985,0.000833628349937,5.3600320816,0.9842,0.117696821234
942,0.999816666667,0.000774823012762,5.44787287712,0.9841,0.117164390956
943,0.999766666667,0.00110816163942,5.44604992867,0.9843,0.115833223903
944,0.999733333333,0.00133255135734,5.44608879089,0.9843,0.116917445525
945,0.999783333333,0.00096442271024,5.39362502098,0.984,0.119350281235
946,0.99965,0.00136018544436,5.40562200546,0.9845,0.115409545901
947,0.99975,0.00120586599223,5.3790678978,0.9838,0.116136238613
948,0.999766666667,0.00104716932401,5.40958404541,0.9846,0.116577622146
949,0.999616666667,0.00166099728085,5.44404602051,0.9834,0.118002439386
950,0.999683333333,0.00126531906426,5.45976305008,0.9841,0.119188191294
951,0.999766666667,0.000794647494331,5.39578390121,0.9843,0.119455929626
952,0.99985,0.000771804421674,5.44708180428,0.9838,0.120440687586
953,0.999666666667,0.00127999216784,5.35643601418,0.9843,0.117954381084
954,0.9996,0.00174558104482,5.36643695831,0.9838,0.119139912371
955,0.99975,0.000931108836085,5.44680094719,0.9832,0.119295653705
956,0.999716666667,0.00123021134641,5.37189221382,0.9834,0.12066944059
957,0.999783333333,0.00134998629801,5.40976381302,0.9832,0.11869361169
958,0.999716666667,0.00115950207692,5.44318294525,0.9836,0.118405575533
959,0.999716666667,0.00134933018126,5.39228105545,0.9841,0.117710370807
960,0.999766666667,0.00113878457341,5.44207310677,0.9836,0.118941582243
961,0.9997,0.00127773359418,5.44441986084,0.9837,0.119200172653
962,0.99985,0.00085235532606,5.36703085899,0.9838,0.118989075034
963,0.9997,0.00117789627984,5.38618993759,0.9838,0.119166700063
964,0.999783333333,0.00103803572711,5.44645690918,0.984,0.118402102439
965,0.999716666667,0.00136359967291,5.39763092995,0.9835,0.121109357781
966,0.999733333333,0.000951738795266,5.44688200951,0.9837,0.12134403079
967,0.999733333333,0.00105213210918,5.37907981873,0.9834,0.121030319372
968,0.999733333333,0.00134536426049,5.37048602104,0.9836,0.119041791325
969,0.9997,0.00121533032507,5.36020493507,0.9831,0.119989056239
970,0.9998,0.000970401975792,5.44225811958,0.9832,0.11920199448
971,0.9998,0.00115337350871,5.40725922585,0.9832,0.120299804417
972,0.99975,0.0012191249989,5.37176895142,0.9837,0.119280770848
973,0.999733333333,0.00130881089717,5.44305706024,0.9836,0.120201245916
974,0.99965,0.00145227333996,5.36309695244,0.984,0.123323964882
975,0.999766666667,0.00122715428006,5.37980794907,0.984,0.12237249342
976,0.999733333333,0.00132035498973,5.39047217369,0.9836,0.123282062471
977,0.99945,0.00203171372414,5.41997385025,0.9832,0.120409019123
978,0.999733333333,0.00133083492983,5.39407896996,0.9836,0.120091617881
979,0.99975,0.00121058372315,5.42297005653,0.9826,0.12113471047
980,0.999833333333,0.000741229392588,5.36748409271,0.9831,0.119474794569
981,0.999733333333,0.001027116552,5.36059999466,0.9831,0.121710774442
982,0.999666666667,0.00136079988442,5.43518686295,0.9842,0.119932207332
983,0.999683333333,0.00146300159395,5.44019412994,0.9839,0.117992760864
984,0.999716666667,0.00132871279493,5.40063500404,0.9838,0.117648992871
985,0.999833333333,0.000786224496551,5.36556100845,0.9839,0.118029779774
986,0.999683333333,0.00106129492633,5.40781402588,0.984,0.118292134517
987,0.999716666667,0.00120568845887,5.44098997116,0.984,0.119553932018
988,0.999616666667,0.00153567327652,5.46407198906,0.9839,0.119731843764
989,0.999783333333,0.000916645629331,5.39207100868,0.9833,0.120035264365
990,0.999733333333,0.000972133770119,5.44648003578,0.9837,0.120704460348
991,0.99965,0.00136493495665,5.45600605011,0.9833,0.120757834574
992,0.999816666667,0.000843240763061,5.44268608093,0.9834,0.120391214289
993,0.99965,0.00137316994369,5.37974309921,0.9836,0.120413581716
994,0.999866666667,0.000632327166386,5.36731410027,0.9838,0.118910449011
995,0.999733333333,0.00120504864026,5.37258505821,0.9835,0.118975290628
996,0.999783333333,0.00101718772203,5.35435605049,0.9835,0.121696780225
997,0.99975,0.00126173172612,5.38910198212,0.9833,0.122542438114
998,0.9996,0.00151904148515,5.35061597824,0.9835,0.120794608252
999,0.9998,0.00107671401929,5.37777090073,0.9838,0.120596919553
