,acc,loss,time,val_acc,val_loss
0,0.563183333333,1.48902928829,5.44288086891,0.5795,1.41517993193
1,0.38135,2.02075886726,5.39932990074,0.3049,1.83921290245
2,0.339233333333,1.95837187767,5.23769617081,0.3783,1.78591337929
3,0.288916666667,2.20887970924,5.32502293587,0.354,4.59571299744
4,0.298766666667,1.94526302814,5.21690297127,0.29,1.88536568317
5,0.213916666667,3.59052085876,5.23307204247,0.2299,2.4864146019
6,0.204766666667,2.20581245422,5.25896692276,0.1784,2.21095073395
7,0.164766666667,2.20303440094,5.25269699097,0.1656,2.1726277729
8,0.161683333333,2.18536424637,5.30795407295,0.1813,2.10983200531
9,0.132133333333,2.65422916412,5.26178598404,0.1127,2.29057429581
10,0.114533333333,2.29109930992,5.21879410744,0.1185,2.30157955971
11,0.134883333333,2.44260644913,5.19256210327,0.1145,2.27901330605
12,0.11415,2.28746294975,5.15299606323,0.1199,2.27736502304
13,0.117766666667,2.28516316414,5.18579506874,0.1193,2.27506467934
14,0.1162,2.2856156826,5.21092700958,0.1163,2.27813817749
15,0.114166666667,2.28682899475,5.26995611191,0.1221,2.27812230453
16,0.118583333333,2.28678607941,5.15866279602,0.1167,2.27747891464
17,0.114416666667,2.28703141212,5.19211101532,0.1145,2.28137228241
18,0.114983333333,2.28679871559,5.28250813484,0.122,2.27766712799
19,0.114533333333,2.28440523148,5.338545084,0.1163,2.28060351982
20,0.117116666667,2.28570699692,5.19528794289,0.1163,2.27930832405
21,0.114966666667,2.28765010834,5.15804100037,0.1221,2.28387473984
22,0.117,2.28586173058,5.24915003777,0.12,2.28396002388
23,0.115283333333,2.28711295128,5.20934700966,0.1221,2.27704039421
24,0.115183333333,2.28687596321,5.19716286659,0.12,2.28626843185
25,0.115766666667,2.28707504272,5.19356703758,0.1221,2.27371165009
26,0.115466666667,2.287961483,5.22096014023,0.1221,2.28231531639
27,0.1146,2.28559374809,5.3376288414,0.1164,2.2816441288
28,0.115,2.28621935844,5.30721688271,0.1218,2.28474575386
29,0.116783333333,2.28520727158,5.15565800667,0.1218,2.2790773262
30,0.115733333333,2.28585624695,5.33889508247,0.12,2.27976805534
31,0.117066666667,2.28565573692,5.17289304733,0.1218,2.2827818512
32,0.114266666667,2.28615999222,5.16499996185,0.1194,2.28191392059
33,0.117166666667,2.28576636314,5.26034903526,0.1168,2.27682728195
34,0.114216666667,2.28639054298,5.18499183655,0.12,2.28112610931
35,0.114366666667,2.2865793705,5.17617511749,0.1221,2.28158929825
36,0.115116666667,2.28536987305,5.30838799477,0.1146,2.28768671379
37,0.115633333333,2.28770256042,5.19579601288,0.1221,2.28203379974
38,0.117766666667,2.28467345238,5.23719120026,0.1146,2.2808822216
39,0.114883333333,2.28637194633,5.21180605888,0.1194,2.27807420578
40,0.1159,2.28520750999,5.20353102684,0.1194,2.27974304619
41,0.114683333333,2.28570985794,5.1973991394,0.12,2.28687153435
42,0.114416666667,2.28677725792,5.15983200073,0.12,2.28135418739
43,0.113833333333,2.28622245789,5.22060418129,0.1081,2.28096946411
44,0.114116666667,2.28459072113,5.15873193741,0.1221,2.2735227562
45,0.116016666667,2.28539133072,5.16857814789,0.12,2.2853281929
46,0.1163,2.28478479385,5.26589083672,0.1087,2.27702809334
47,0.114266666667,2.28546881676,5.22339987755,0.1218,2.28017346039
48,0.11235,2.28630685806,5.21355605125,0.1221,2.28095566635
49,0.117166666667,2.28532195091,5.20381689072,0.1082,2.27821555252
50,0.1156,2.2857208252,5.16602301598,0.1221,2.2791114399
51,0.116666666667,2.28574371338,5.15930390358,0.12,2.28203803406
52,0.1146,2.28585076332,5.25486803055,0.1221,2.28158058319
53,0.114166666667,2.28463029861,5.18133687973,0.1221,2.27415751457
54,0.11565,2.28565359116,5.17175889015,0.1164,2.27799274101
55,0.116116666667,2.28662872314,5.16616797447,0.1194,2.27320615425
56,0.11535,2.28390479088,5.22770786285,0.1164,2.27641828041
57,0.117433333333,2.28547310829,5.1866209507,0.1168,2.27174340057
58,0.1145,2.28530788422,5.338960886,0.1218,2.28075557289
59,0.11575,2.28478932381,5.16951704025,0.1087,2.27530359192
60,0.1143,2.28537869453,5.16154408455,0.12,2.28400706177
61,0.115183333333,2.28531455994,5.29143881798,0.12,2.27740178452
62,0.11525,2.28476881981,5.24518799782,0.1081,2.28182795029
63,0.11475,2.28788232803,5.17364811897,0.1168,2.276453722
64,0.115833333333,2.28529167175,5.16558814049,0.12,2.29171980515
65,0.116716666667,2.28618550301,5.2288479805,0.1218,2.28001906281
66,0.115233333333,2.28661608696,5.32340312004,0.1221,2.27877431793
67,0.1149,2.28452396393,5.20689606667,0.1168,2.28406738319
68,0.1153,2.285779953,5.26551413536,0.1218,2.27485928268
69,0.116733333333,2.28548955917,5.16113090515,0.1221,2.2809773037
70,0.119766666667,2.28469109535,5.21542191505,0.1221,2.28005723534
71,0.11515,2.28522491455,5.31052613258,0.1218,2.29462453613
72,0.113833333333,2.2853167057,5.23249697685,0.1221,2.27610470314
73,0.114283333333,2.28680562973,5.1895339489,0.12,2.27818736534
74,0.114966666667,2.28395485878,5.25064110756,0.1168,2.28477640457
75,0.116616666667,2.28410816193,5.17802000046,0.12,2.2777113327
76,0.116266666667,2.28505945206,5.30456900597,0.1218,2.27892149315
77,0.117183333333,2.28782296181,5.15850400925,0.1296,2.29302269669
78,0.114483333333,2.29524636269,5.21880602837,0.1136,2.28745933342
79,0.1084,2.29482030869,5.17700481415,0.1136,2.28991445732
80,0.109583333333,2.29424571991,5.17077207565,0.1083,2.29637751083
81,0.10815,2.29349851608,5.2306330204,0.1083,2.29132029648
82,0.1115,2.29321694374,5.33538603783,0.1133,2.28993131676
83,0.108266666667,2.29329609871,5.2501950264,0.1083,2.29833902779
84,0.1076,2.29400277138,5.23601698875,0.1136,2.29550626068
85,0.111016666667,2.29377436638,5.22990107536,0.1133,2.29361667786
86,0.108,2.29399943352,5.1884291172,0.1114,2.29309702148
87,0.1088,2.29341363907,5.31879687309,0.1083,2.29882878799
88,0.10975,2.29355502129,5.17468094826,0.1136,2.29030160637
89,0.1092,2.29359459877,5.33730792999,0.1087,2.3074625618
90,0.1104,2.29396510124,5.34054303169,0.1114,2.29309639053
91,0.110516666667,2.29294657707,5.1785929203,0.1133,2.29832143669
92,0.107966666667,2.29426765442,5.24754309654,0.1136,2.28831460762
93,0.109116666667,2.29390287399,5.23610401154,0.1136,2.29482841148
94,0.109066666667,2.29337644577,5.21946191788,0.1115,2.30335576134
95,0.1097,2.2934858799,5.33850884438,0.1133,2.29479045639
96,0.109683333333,2.29333353043,5.16730690002,0.1136,2.28596389542
97,0.107383333333,2.29333901405,5.22737383842,0.1115,2.29649281921
98,0.108083333333,2.29275202751,5.18747997284,0.1133,2.28828724747
99,0.108083333333,2.29415893555,5.24573302269,0.1136,2.28866820564
100,0.109783333333,2.29360198975,5.34112215042,0.1133,2.29205303383
101,0.109466666667,2.29403281212,5.16137695312,0.1136,2.29586473579
102,0.108616666667,2.29350996017,5.2884118557,0.1133,2.30424097404
103,0.110416666667,2.2951374054,5.17795991898,0.1133,2.2900365284
104,0.108233333333,2.29346084595,5.23498082161,0.1079,2.2903699131
105,0.109916666667,2.29360318184,5.19569993019,0.1114,2.29483850098
106,0.109483333333,2.29319524765,5.21884489059,0.1079,2.29592530365
107,0.10925,2.29332756996,5.21465802193,0.1061,2.28965928574
108,0.10965,2.2920665741,5.17203402519,0.1114,2.28745242577
109,0.108733333333,2.29309391975,5.2695338726,0.1133,2.28614749947
110,0.109916666667,2.29298114777,5.22380399704,0.1087,2.28795800438
111,0.109966666667,2.29331088066,5.33687496185,0.1136,2.29054292603
112,0.11215,2.29211091995,5.17126607895,0.1087,2.29861812897
113,0.108366666667,2.29299974442,5.2670879364,0.0997,2.30048631668
114,0.10995,2.29362821579,5.29268288612,0.1136,2.29433110352
115,0.109466666667,2.29313015938,5.24826407433,0.1136,2.29460280304
116,0.109983333333,2.29347491264,5.15287685394,0.1136,2.28636979065
117,0.10915,2.29298591614,5.1985578537,0.1087,2.28769978104
118,0.110066666667,2.29341125488,5.33801603317,0.1115,2.30191405411
119,0.108866666667,2.29392814636,5.18106508255,0.1114,2.29181959686
120,0.109233333333,2.29392838478,5.33594608307,0.1133,2.29153262672
121,0.108716666667,2.29393196106,5.26524400711,0.1087,2.29233861084
122,0.10995,2.29291510582,5.19046497345,0.1087,2.28829163513
123,0.110433333333,2.29459428787,5.21332597733,0.0997,2.29365740013
124,0.111066666667,2.29330515862,5.17439508438,0.1133,2.28986094513
125,0.10945,2.29339981079,5.16598701477,0.1136,2.29916477051
126,0.109133333333,2.29300451279,5.26176095009,0.1061,2.29526292458
127,0.110183333333,2.29405140877,5.15181612968,0.1083,2.29279655724
128,0.107933333333,2.29458713531,5.33819007874,0.1087,2.29026970253
129,0.108,2.29398488998,5.39184594154,0.1061,2.29732580147
130,0.108833333333,2.29423952103,5.19299912453,0.1136,2.28913524704
131,0.108933333333,2.29331350327,5.21564698219,0.1133,2.29270876465
132,0.111633333333,2.29164123535,5.24244594574,0.1087,2.29449110985
133,0.1099,2.29331660271,5.3401799202,0.1136,2.29867648888
134,0.10825,2.29289627075,5.34242320061,0.1136,2.29312598572
135,0.111516666667,2.29176855087,5.34484004974,0.1087,2.28913007164
136,0.109516666667,2.29261493683,5.16263103485,0.1061,2.29928583221
137,0.109783333333,2.29275465012,5.15670704842,0.1115,2.29069071922
138,0.108633333333,2.29339528084,5.18528079987,0.1078,2.29496507111
139,0.108633333333,2.29434680939,5.24838900566,0.1078,2.29465283699
140,0.109883333333,2.29293847084,5.1696228981,0.1086,2.29224001274
141,0.108083333333,2.29259538651,5.31216692924,0.1135,2.29463318787
142,0.110016666667,2.29515314102,5.15569210052,0.1132,2.29106322861
143,0.10465,2.29362845421,5.35446119308,0.1135,2.29054216576
144,0.1089,2.29419279099,5.20595502853,0.1132,2.29963803177
145,0.110083333333,2.2928943634,5.26275396347,0.1132,2.29538253975
146,0.110983333333,2.29307079315,5.2891972065,0.1135,2.2922172039
147,0.1101,2.29372239113,5.3391919136,0.1086,2.29240953903
148,0.108616666667,2.293861866,5.34531903267,0.1114,2.28951067429
149,0.111233333333,2.29312229156,5.15294098854,0.1135,2.29334388771
150,0.10955,2.29307889938,5.18129587173,0.1086,2.29832414398
151,0.10945,2.29330992699,5.20697999001,0.1135,2.28914358101
152,0.110433333333,2.29276657104,5.23459386826,0.1132,2.29245886688
153,0.109983333333,2.29279851913,5.16066408157,0.1087,2.29221128693
154,0.109716666667,2.29435443878,5.33679699898,0.1114,2.29182686996
155,0.110433333333,2.29302334785,5.24260592461,0.1132,2.29005738411
156,0.11165,2.29165887833,5.33825492859,0.1113,2.28940878906
157,0.108383333333,2.29333853722,5.3283059597,0.1132,2.30114170837
158,0.127933333333,2.3191640377,5.17919397354,0.1202,2.27868325081
159,0.12035,2.26690268517,5.34333395958,0.1343,2.25480931854
160,0.132316666667,2.24630594254,5.33572888374,0.1386,2.23678027763
161,0.1354,2.2470099926,5.34187602997,0.1335,2.24525666618
162,0.133533333333,2.24856090546,5.20639491081,0.1386,2.2470131382
163,0.131166666667,2.24728822708,5.26034998894,0.1356,2.23945811348
164,0.134783333333,2.24436616898,5.15712308884,0.1335,2.23604406662
165,0.133616666667,2.24428963661,5.34548211098,0.136,2.24396619873
166,0.133083333333,2.24847817421,5.23737096786,0.1356,2.24182515335
167,0.132833333333,2.2460308075,5.33776307106,0.1407,2.24519127464
168,0.133433333333,2.24488377571,5.34234213829,0.1388,2.23506957245
169,0.131833333333,2.24520802498,5.20801091194,0.1407,2.23516886559
170,0.131283333333,2.24816083908,5.33869791031,0.1356,2.24461903534
171,0.132366666667,2.24756169319,5.29570102692,0.1388,2.23687391624
172,0.133266666667,2.24529719353,5.17726588249,0.1268,2.24011898384
173,0.132033333333,2.24518799782,5.33815407753,0.136,2.23445574799
174,0.1336,2.2469804287,5.19651579857,0.1407,2.23820819626
175,0.13715,2.24606466293,5.21780085564,0.1429,2.2333498661
176,0.137,2.24349069595,5.17645597458,0.1441,2.24329272308
177,0.138416666667,2.24276065826,5.27222204208,0.1473,2.22539758072
178,0.137666666667,2.24247074127,5.2972278595,0.147,2.22626205368
179,0.140566666667,2.24001407623,5.18816304207,0.1473,2.23256052895
180,0.138483333333,2.2429625988,5.24604296684,0.1496,2.2289217598
181,0.16125,2.40706157684,5.23880314827,0.1734,2.43285961876
182,0.160066666667,2.37777209282,5.33967399597,0.1354,2.23850552025
183,0.130633333333,2.24476361275,5.3385219574,0.1371,2.23820502815
184,0.131183333333,2.24397087097,5.28036308289,0.1322,2.23635338211
185,0.130766666667,2.24369430542,5.26209688187,0.1326,2.23667783127
186,0.131166666667,2.24398040771,5.22062802315,0.1322,2.23970781212
187,0.131183333333,2.24564051628,5.34242081642,0.1301,2.23920570755
188,0.13235,2.24463534355,5.345703125,0.1354,2.23829001732
189,0.131083333333,2.24332809448,5.22276806831,0.1322,2.23571704674
190,0.130616666667,2.24539327621,5.21034622192,0.1352,2.2381699955
191,0.130083333333,2.24450564384,5.21264696121,0.1301,2.23689480476
192,0.130533333333,2.2457511425,5.20185709,0.1301,2.24053096352
193,0.12945,2.24551725388,5.16070795059,0.1354,2.23673030815
194,0.129766666667,2.24448752403,5.33795189857,0.1375,2.24496110229
195,0.13035,2.24413490295,5.34918999672,0.1371,2.24111124535
196,0.13115,2.2446243763,5.23479890823,0.1352,2.23436703415
197,0.130316666667,2.24467349052,5.29103112221,0.1318,2.23483452187
198,0.13095,2.24406194687,5.27739882469,0.1354,2.24348989372
199,0.131083333333,2.24316239357,5.34207701683,0.1371,2.23826011429
200,0.1311,2.24678444862,5.16020894051,0.1354,2.24401341896
201,0.13005,2.24563694,5.28717398643,0.1318,2.24766476822
202,0.130216666667,2.24458217621,5.2397339344,0.1375,2.23929264832
203,0.131983333333,2.24361920357,5.32034420967,0.1371,2.23773588943
204,0.12985,2.24369072914,5.22387909889,0.1375,2.23879648285
205,0.129283333333,2.24382138252,5.24741005898,0.1371,2.23805544548
206,0.130266666667,2.24398326874,5.20590186119,0.1318,2.24313686752
207,0.130616666667,2.24373602867,5.1642677784,0.1322,2.23744218216
208,0.132483333333,2.24429488182,5.16140699387,0.1352,2.2429327198
209,0.134466666667,2.24374580383,5.28929615021,0.1318,2.24303638649
210,0.131666666667,2.24443149567,5.27724003792,0.1371,2.23939618492
211,0.130566666667,2.24290466309,5.33773303032,0.1301,2.2396972084
212,0.130566666667,2.24432396889,5.26094913483,0.1371,2.23966650658
213,0.131033333333,2.24522209167,5.1818780899,0.1234,2.24651959038
214,0.131283333333,2.24464583397,5.23966479301,0.1135,2.24557285271
215,0.131,2.24418091774,5.33741688728,0.1354,2.23960420189
216,0.130033333333,2.24517416954,5.18632602692,0.1326,2.23661128998
217,0.129633333333,2.24460577965,5.1805870533,0.1301,2.24255876503
218,0.130933333333,2.24331927299,5.34168505669,0.1318,2.24005963173
219,0.13155,2.24452114105,5.19627189636,0.1375,2.23678778687
220,0.131783333333,2.24476146698,5.18973898888,0.1354,2.24015775795
221,0.129416666667,2.24378061295,5.24739384651,0.1354,2.23734419632
222,0.130416666667,2.24404478073,5.34351682663,0.1322,2.24680135384
223,0.130466666667,2.24333381653,5.29736399651,0.1352,2.24059132996
224,0.130366666667,2.24349069595,5.2853500843,0.1352,2.24044501076
225,0.131083333333,2.2440302372,5.17715597153,0.1371,2.2373694416
226,0.128966666667,2.24478149414,5.16907906532,0.1371,2.23990687141
227,0.131166666667,2.2433693409,5.19632911682,0.1318,2.2450448185
228,0.129283333333,2.24520373344,5.22388291359,0.1235,2.24559379959
229,0.130883333333,2.24383497238,5.31810283661,0.1371,2.24463935165
230,0.128966666667,2.24566745758,5.33853602409,0.1371,2.23504208565
231,0.13075,2.24347043037,5.26157689095,0.1375,2.23665852394
232,0.129716666667,2.2428123951,5.33926987648,0.1301,2.24009943428
233,0.128666666667,2.24280238152,5.28140592575,0.1318,2.24783855782
234,0.131483333333,2.24342060089,5.33574008942,0.1301,2.23665074768
235,0.13175,2.24300789833,5.215914011,0.1371,2.23679832726
236,0.130383333333,2.24398851395,5.21153903008,0.1371,2.2465358387
237,0.131,2.24490880966,5.20291090012,0.1354,2.23419132462
238,0.1308,2.2436542511,5.22639107704,0.1371,2.23560290527
239,0.1325,2.24423980713,5.29754805565,0.1326,2.23858144951
240,0.130866666667,2.24363064766,5.26201987267,0.1354,2.23260879517
241,0.12765,2.24592232704,5.34777498245,0.1354,2.24360082321
242,0.129883333333,2.24359130859,5.29472088814,0.1352,2.23762423363
243,0.1294,2.24417829514,5.33808803558,0.1352,2.23547482681
244,0.128916666667,2.24355983734,5.35072016716,0.1326,2.23502369347
245,0.1289,2.24502110481,5.19165587425,0.1375,2.23239866447
246,0.13135,2.24365878105,5.31834888458,0.1234,2.23531927986
247,0.13085,2.24422883987,5.30769395828,0.1371,2.2405359272
248,0.13035,2.24797296524,5.22616195679,0.1352,2.23908492279
249,0.13105,2.24488902092,5.33680796623,0.1352,2.23436031837
250,0.130616666667,2.24445366859,5.24215698242,0.1234,2.24065582924
251,0.128916666667,2.24316859245,5.16957211494,0.1352,2.23724954224
252,0.132233333333,2.24395561218,5.2268280983,0.1322,2.23876534996
253,0.132,2.24394750595,5.33712816238,0.1354,2.23573592186
254,0.131166666667,2.24328756332,5.24328613281,0.1375,2.23914361305
255,0.128516666667,2.24331045151,5.17067599297,0.1352,2.24426345787
256,0.130333333333,2.24511027336,5.19547700882,0.1301,2.24577972984
257,0.1318,2.24299645424,5.22376990318,0.1318,2.23517356148
258,0.1328,2.24406933784,5.21269893646,0.1354,2.24296128998
259,0.13215,2.24238181114,5.33775782585,0.1375,2.23857800026
260,0.130666666667,2.24470043182,5.23230314255,0.1354,2.2369841404
261,0.131083333333,2.24399852753,5.22106194496,0.1375,2.23294168549
262,0.131083333333,2.24227595329,5.27843093872,0.1371,2.23906040382
263,0.131433333333,2.24205851555,5.23427200317,0.1354,2.23626604195
264,0.128633333333,2.24329996109,5.33689403534,0.1322,2.24068997307
265,0.13055,2.24313282967,5.21895098686,0.1371,2.23471331978
266,0.128883333333,2.24580740929,5.27500891685,0.1354,2.23739733505
267,0.1298,2.24441599846,5.23044395447,0.1318,2.23711488647
268,0.129833333333,2.24431967735,5.29140710831,0.1375,2.24195344315
269,0.129866666667,2.24301815033,5.3178331852,0.1371,2.24180865517
270,0.13055,2.24284625053,5.23431706429,0.1301,2.24410122795
271,0.132083333333,2.24397206306,5.16078901291,0.1352,2.23676962357
272,0.129133333333,2.24601244926,5.19165492058,0.1354,2.2336994812
273,0.1315,2.24512767792,5.34275603294,0.1371,2.23755118484
274,0.132966666667,2.24377918243,5.16985607147,0.1371,2.23560022049
275,0.132133333333,2.24391555786,5.16305398941,0.1318,2.2353547039
276,0.131233333333,2.24229955673,5.25826215744,0.1371,2.2480897068
277,0.130666666667,2.24409937859,5.18044900894,0.1318,2.24396965752
278,0.13015,2.24431157112,5.17523407936,0.1234,2.24028761482
279,0.13075,2.24300098419,5.34056806564,0.1326,2.23975774879
280,0.13015,2.24399733543,5.18790102005,0.1322,2.24246901932
281,0.130583333333,2.2451980114,5.31383895874,0.1322,2.23922767677
282,0.132633333333,2.24257922173,5.16851711273,0.1371,2.24129326439
283,0.1301,2.24444389343,5.16265916824,0.1301,2.24049517021
284,0.13195,2.24073338509,5.22255015373,0.1354,2.23859233284
285,0.132133333333,2.24276566505,5.21610617638,0.1371,2.24182338676
286,0.13165,2.24338030815,5.17352604866,0.1352,2.24095323944
287,0.12975,2.24441671371,5.17069411278,0.1322,2.24103488655
288,0.129966666667,2.24241900444,5.35471916199,0.1322,2.2450025589
289,0.12935,2.24432396889,5.16417598724,0.1318,2.23535558891
290,0.131466666667,2.24394106865,5.33805704117,0.1301,2.23585302124
291,0.1309,2.24430990219,5.17205691338,0.1371,2.23532043343
292,0.13065,2.2446539402,5.34283399582,0.1326,2.2397094326
293,0.13305,2.24393129349,5.31939911842,0.1326,2.23809765816
294,0.131833333333,2.24285054207,5.34304189682,0.1354,2.23792578926
295,0.130116666667,2.24268651009,5.19709086418,0.1371,2.2349545845
296,0.132333333333,2.24237704277,5.18832111359,0.1318,2.24553024902
297,0.129566666667,2.2441239357,5.33807301521,0.1354,2.23668622513
298,0.13155,2.24218344688,5.16684889793,0.1371,2.23817004166
299,0.1302,2.24432063103,5.26100111008,0.1375,2.2372902195
300,0.1307,2.2440495491,5.33712291718,0.1322,2.23808731117
301,0.13025,2.24247431755,5.34615302086,0.1301,2.23836296768
302,0.12925,2.24419593811,5.3433470726,0.1354,2.23755351295
303,0.129683333333,2.24418282509,5.22042512894,0.1354,2.23652271652
304,0.12905,2.24370193481,5.21024394035,0.1371,2.23826941681
305,0.132116666667,2.24182391167,5.23272609711,0.1301,2.23556672134
306,0.131316666667,2.24254751205,5.19269180298,0.1352,2.23984983025
307,0.128183333333,2.24327540398,5.15322613716,0.1375,2.2367146431
308,0.133066666667,2.24376893044,5.18034720421,0.1375,2.24053402443
309,0.1303,2.24434638023,5.17214107513,0.1371,2.2359662281
310,0.1298,2.243527174,5.27048707008,0.1352,2.23439365425
311,0.129266666667,2.24336051941,5.29617595673,0.1375,2.23715812149
312,0.129766666667,2.24482393265,5.33676481247,0.1354,2.23540192375
313,0.1306,2.24244427681,5.17418599129,0.1301,2.24061818733
314,0.13105,2.24248313904,5.26533412933,0.1354,2.23890770874
315,0.13105,2.24338960648,5.22069883347,0.1322,2.24118729782
316,0.131616666667,2.24276971817,5.18275809288,0.1371,2.23887036667
317,0.128316666667,2.24259281158,5.34045696259,0.1352,2.23548505096
318,0.133566666667,2.24234318733,5.26607608795,0.1301,2.24118669777
319,0.127566666667,2.24475646019,5.15495204926,0.1322,2.24328802338
320,0.12835,2.2448952198,5.24925398827,0.1354,2.23263564224
321,0.131933333333,2.24466252327,5.33786606789,0.1301,2.23904092941
322,0.132916666667,2.24376726151,5.34288907051,0.1375,2.23749732933
323,0.13075,2.24383044243,5.33780884743,0.1301,2.24009046631
324,0.132333333333,2.2431602478,5.34740805626,0.1354,2.24264783058
325,0.12965,2.24200844765,5.20013308525,0.1354,2.2401070755
326,0.132383333333,2.24192476273,5.34432697296,0.1371,2.2319470768
327,0.131283333333,2.24328947067,5.24339103699,0.1326,2.24432898903
328,0.132116666667,2.2433962822,5.33839797974,0.1318,2.23692313538
329,0.1314,2.24390888214,5.15695786476,0.1371,2.23433152657
330,0.128666666667,2.2449388504,5.32336306572,0.1375,2.24002259293
331,0.130716666667,2.24334979057,5.20521497726,0.1371,2.24017791328
332,0.131533333333,2.24343538284,5.16626214981,0.1371,2.23785765305
333,0.130216666667,2.24423074722,5.19256210327,0.1318,2.23625721626
334,0.132166666667,2.24403262138,5.1851131916,0.1352,2.23515661926
335,0.128616666667,2.24480962753,5.21308708191,0.1326,2.23527498741
336,0.130733333333,2.24334430695,5.24281620979,0.1322,2.23743581963
337,0.129,2.24439024925,5.31143307686,0.1354,2.2357215332
338,0.129566666667,2.24166870117,5.28481507301,0.1354,2.24608094063
339,0.129566666667,2.24249505997,5.20818400383,0.1322,2.23718705101
340,0.12975,2.2426712513,5.23325681686,0.1318,2.23802724953
341,0.130616666667,2.24423575401,5.30171203613,0.1371,2.23673334045
342,0.129966666667,2.24255681038,5.28415608406,0.1326,2.23867335052
343,0.130083333333,2.24438405037,5.27267098427,0.1375,2.23986988678
344,0.129733333333,2.24395418167,5.1977751255,0.1318,2.23915934219
345,0.13125,2.24361610413,5.34195709229,0.1375,2.23761681519
346,0.129733333333,2.2427444458,5.34390807152,0.1375,2.23391117172
347,0.130666666667,2.24377655983,5.30540800095,0.1301,2.23648283501
348,0.132683333333,2.24208283424,5.19032907486,0.1354,2.24169351234
349,0.129283333333,2.24312281609,5.1806640625,0.1352,2.23707193604
350,0.131133333333,2.24187660217,5.3385322094,0.1301,2.23918533936
351,0.1285,2.24324965477,5.16218495369,0.1326,2.2442637207
352,0.130533333333,2.24352145195,5.33010292053,0.1354,2.2425648777
353,0.1279,2.24612021446,5.17898082733,0.1354,2.2419072876
354,0.131466666667,2.24027490616,5.17946004868,0.1352,2.23422150688
355,0.132116666667,2.24263858795,5.34182906151,0.1352,2.23768732529
356,0.132616666667,2.24266290665,5.15781402588,0.1326,2.23566596794
357,0.13015,2.24268221855,5.33871102333,0.1354,2.23803755875
358,0.130016666667,2.24327039719,5.3562400341,0.1322,2.23275741615
359,0.129566666667,2.24208140373,5.23470306396,0.1371,2.23837916718
360,0.133266666667,2.24264788628,5.25166797638,0.1322,2.23435983505
361,0.129783333333,2.24264550209,5.27583599091,0.1318,2.23740878906
362,0.129066666667,2.24330306053,5.33934497833,0.1371,2.23327982368
363,0.129466666667,2.2446577549,5.19333982468,0.1326,2.23380183296
364,0.13205,2.24296450615,5.32348299026,0.1375,2.23804758835
365,0.130816666667,2.24163675308,5.3401491642,0.1326,2.23532582283
366,0.132933333333,2.24330353737,5.34729409218,0.1301,2.23699618454
367,0.13255,2.24141931534,5.24605607986,0.1301,2.24033127136
368,0.13155,2.24221348763,5.27313399315,0.1301,2.24757727852
369,0.132533333333,2.24170732498,5.3364238739,0.1354,2.2353226944
370,0.131283333333,2.24366760254,5.25110578537,0.1326,2.2337921669
371,0.13265,2.24382615089,5.17381000519,0.1354,2.23481854019
372,0.132966666667,2.24009895325,5.20404005051,0.1326,2.23469330635
373,0.131883333333,2.24217653275,5.26192092896,0.1318,2.24610261803
374,0.13285,2.24365830421,5.15433311462,0.1322,2.24482062225
375,0.130916666667,2.24332284927,5.2130317688,0.1354,2.24111232338
376,0.134583333333,2.24232769012,5.20720219612,0.1326,2.24549744072
377,0.130283333333,2.24282455444,5.16772890091,0.1375,2.23681318016
378,0.129083333333,2.24417757988,5.29629397392,0.1235,2.2374256588
379,0.1326,2.24379897118,5.33820390701,0.1375,2.23461888695
380,0.131483333333,2.2418692112,5.35276913643,0.1375,2.23902804832
381,0.13295,2.24284148216,5.15992999077,0.1375,2.23981751175
382,0.131566666667,2.24316239357,5.29127192497,0.1326,2.23594129143
383,0.129666666667,2.24333429337,5.34648895264,0.1375,2.23339088783
384,0.131083333333,2.24187397957,5.20359611511,0.1354,2.23629295654
385,0.130566666667,2.24333238602,5.20174407959,0.1326,2.23550147514
386,0.131283333333,2.2442240715,5.23207592964,0.1318,2.24027536583
387,0.13165,2.24225926399,5.34497404099,0.1318,2.23756956635
388,0.132066666667,2.24229240417,5.49762511253,0.1371,2.2339314949
389,0.132066666667,2.24187898636,5.21608805656,0.1352,2.24099414749
390,0.128,2.24311113358,5.33928203583,0.1352,2.23586095695
391,0.128666666667,2.2446243763,5.19841003418,0.1326,2.23736624947
392,0.130833333333,2.24485993385,5.19472813606,0.1322,2.24055110817
393,0.12965,2.24315524101,5.25068092346,0.1326,2.23851055298
394,0.132883333333,2.24128937721,5.20703196526,0.1235,2.23654816704
395,0.133933333333,2.24238491058,5.23248291016,0.1371,2.23664361458
396,0.1299,2.24335813522,5.33913588524,0.1318,2.23816367569
397,0.132466666667,2.24216556549,5.25496006012,0.1375,2.23207456169
398,0.130133333333,2.24180626869,5.27039289474,0.1375,2.23376647263
399,0.130666666667,2.24409508705,5.26099610329,0.1375,2.23412827492
400,0.131316666667,2.24206876755,5.25330591202,0.1375,2.23584039421
401,0.13205,2.24141812325,5.3402838707,0.1371,2.23899851494
402,0.128983333333,2.24338793755,5.20047307014,0.1326,2.23514632149
403,0.131966666667,2.24216151237,5.19272613525,0.1371,2.23669941711
404,0.1313,2.24445056915,5.34232115746,0.1371,2.24553200035
405,0.130233333333,2.2439353466,5.20974802971,0.1375,2.23578834152
406,0.129183333333,2.24557638168,5.16539907455,0.1234,2.23407913933
407,0.130916666667,2.24320030212,5.29657697678,0.1322,2.23586482086
408,0.1339,2.24116039276,5.33990192413,0.1318,2.23694810982
409,0.129883333333,2.24412822723,5.3139629364,0.1234,2.24003985939
410,0.131083333333,2.24311876297,5.33891916275,0.1375,2.23551899261
411,0.130183333333,2.24407839775,5.18735599518,0.1354,2.24281196251
412,0.1329,2.2429895401,5.27919578552,0.1301,2.23715936966
413,0.132116666667,2.24133610725,5.20175385475,0.1322,2.23366015701
414,0.131183333333,2.24444556236,5.16130304337,0.1371,2.23277170944
415,0.131583333333,2.24275112152,5.32475805283,0.1322,2.23842438164
416,0.132116666667,2.24256920815,5.33915781975,0.1354,2.23567943497
417,0.133116666667,2.24123859406,5.20597815514,0.1371,2.23780651169
418,0.1299,2.23939204216,5.33876013756,0.1318,2.23808378487
419,0.131766666667,2.24264740944,5.3428800106,0.1371,2.23760994072
420,0.132483333333,2.24244594574,5.30950021744,0.1354,2.24318024712
421,0.129283333333,2.24334192276,5.33982300758,0.1318,2.23517091255
422,0.130533333333,2.24187350273,5.24489998817,0.1371,2.23550561485
423,0.1299,2.24391150475,5.34478616714,0.1322,2.23498679466
424,0.131483333333,2.24179577827,5.22283411026,0.1326,2.23575334473
425,0.128316666667,2.24280524254,5.24911117554,0.1352,2.2381789856
426,0.131666666667,2.24287509918,5.27437806129,0.1322,2.23477865791
427,0.132166666667,2.24165463448,5.16500091553,0.1322,2.23689943123
428,0.131066666667,2.24132704735,5.29207992554,0.1322,2.23591721954
429,0.130133333333,2.24182724953,5.18323779106,0.1352,2.24073020439
430,0.132933333333,2.24141860008,5.20977711678,0.1371,2.23309319267
431,0.13135,2.24313473701,5.16995406151,0.1375,2.23746154213
432,0.130083333333,2.24027657509,5.34548687935,0.1352,2.23786885872
433,0.12995,2.24174833298,5.27072787285,0.1322,2.24144649506
434,0.128733333333,2.24183011055,5.32679581642,0.1354,2.23469937439
435,0.1313,2.24178647995,5.20062303543,0.1371,2.23326541824
436,0.1296,2.24246120453,5.22642087936,0.1352,2.23213583527
437,0.131233333333,2.24138069153,5.28442311287,0.1301,2.23384441872
438,0.1307,2.2415573597,5.1714849472,0.1318,2.23271281548
439,0.132033333333,2.24229073524,5.17059278488,0.1352,2.23617092476
440,0.1311,2.24169993401,5.19304704666,0.1354,2.23947758789
441,0.131566666667,2.24205040932,5.33737015724,0.1352,2.23399846649
442,0.13185,2.24223637581,5.2798511982,0.1322,2.23328191032
443,0.132133333333,2.24327397346,5.26994419098,0.1326,2.23715907516
444,0.130966666667,2.24198913574,5.15611696243,0.1375,2.23311074371
445,0.128683333333,2.24296665192,5.28430700302,0.1371,2.23166358223
446,0.1311,2.24264168739,5.20583701134,0.1352,2.23566675339
447,0.130633333333,2.24221205711,5.19998598099,0.1375,2.23401511383
448,0.13305,2.24227786064,5.15929985046,0.1234,2.2360510231
449,0.13355,2.24028897285,5.15600609779,0.1371,2.23885757027
450,0.131083333333,2.24110674858,5.33941793442,0.1354,2.23941437645
451,0.1296,2.24176883698,5.2436978817,0.1371,2.23388917236
452,0.132316666667,2.24026155472,5.16285204887,0.1322,2.23323925514
453,0.130966666667,2.24257493019,5.33994102478,0.1371,2.23516266747
454,0.13025,2.24330210686,5.18031001091,0.1326,2.23498146362
455,0.1337,2.24190855026,5.2734131813,0.1322,2.23619269218
456,0.129483333333,2.24400353432,5.26385807991,0.1354,2.23775354385
457,0.132883333333,2.24137282372,5.3425359726,0.1354,2.23735682335
458,0.130216666667,2.24325251579,5.18002319336,0.1352,2.25266001968
459,0.13045,2.24257183075,5.34881019592,0.1352,2.23306552391
460,0.129366666667,2.24259066582,5.1585688591,0.1354,2.23395602798
461,0.129733333333,2.24233341217,5.28748512268,0.1234,2.24333977051
462,0.130466666667,2.24230480194,5.34532403946,0.1322,2.23196001968
463,0.129516666667,2.2417140007,5.30834007263,0.1371,2.23979422836
464,0.13265,2.24164438248,5.18804121017,0.1371,2.23752738533
465,0.131133333333,2.24262666702,5.34390687943,0.1371,2.23636518631
466,0.133533333333,2.24053406715,5.33641600609,0.1354,2.24524104118
467,0.131566666667,2.24236655235,5.23164105415,0.1301,2.23961932526
468,0.130916666667,2.24265241623,5.28075194359,0.1354,2.2388827816
469,0.132066666667,2.24199581146,5.23825097084,0.1301,2.2366836277
470,0.128816666667,2.24366092682,5.26361298561,0.1375,2.23900416145
471,0.132183333333,2.24283432961,5.33994698524,0.1318,2.24010212097
472,0.132266666667,2.24059581757,5.17619013786,0.1301,2.24277843056
473,0.129633333333,2.24177289009,5.16924095154,0.1326,2.23564059334
474,0.12835,2.24347496033,5.15698194504,0.1375,2.23749700851
475,0.130583333333,2.24294281006,5.34414196014,0.1371,2.24198418465
476,0.12815,2.24390006065,5.25938987732,0.1375,2.23332125931
477,0.129433333333,2.24224209785,5.30881404877,0.1322,2.23462527924
478,0.1296,2.24405574799,5.1596930027,0.1326,2.23605727921
479,0.1301,2.24302053452,5.34228396416,0.1326,2.24021074562
480,0.1318,2.24245214462,5.18025803566,0.1375,2.24127974815
481,0.1313,2.24049448967,5.27750396729,0.1371,2.24081341133
482,0.1307,2.24156141281,5.34477210045,0.1354,2.24119556389
483,0.132116666667,2.24189138412,5.3252620697,0.1322,2.2381891983
484,0.130516666667,2.24185419083,5.17342615128,0.1322,2.23467493095
485,0.13425,2.2404255867,5.30171585083,0.1375,2.23996657906
486,0.1323,2.24175262451,5.34307003021,0.1375,2.23663675728
487,0.128783333333,2.24353265762,5.28337097168,0.1322,2.23445185318
488,0.132766666667,2.24016714096,5.16386890411,0.1354,2.23672835464
489,0.133016666667,2.2420771122,5.34064793587,0.1301,2.23609371452
490,0.131516666667,2.24180459976,5.34866809845,0.1354,2.24217205963
491,0.130166666667,2.24274682999,5.31020283699,0.1371,2.23636292801
492,0.1296,2.24308681488,5.2526781559,0.1322,2.23809833374
493,0.128533333333,2.2434258461,5.17956805229,0.1354,2.23929291458
494,0.13045,2.24293804169,5.20714497566,0.1135,2.23946546135
495,0.130833333333,2.24154996872,5.16573214531,0.1301,2.23685773544
496,0.12895,2.24248790741,5.34389996529,0.1352,2.23750710526
497,0.128833333333,2.24331378937,5.18042397499,0.1352,2.2323238121
498,0.13175,2.23952865601,5.20859217644,0.1234,2.23785801277
499,0.12995,2.24402189255,5.34451794624,0.1352,2.23510655899
500,0.131816666667,2.24360322952,5.34486818314,0.1301,2.2378060936
501,0.129766666667,2.24305772781,5.35326910019,0.1371,2.23464240837
502,0.130733333333,2.24104332924,5.23527884483,0.1371,2.24083924789
503,0.12935,2.24190616608,5.22369909286,0.1371,2.23671782761
504,0.128983333333,2.24374055862,5.21469688416,0.1326,2.24190938988
505,0.13045,2.24077701569,5.30878591537,0.1318,2.23506203957
506,0.131066666667,2.24131822586,5.33947205544,0.1322,2.24039941101
507,0.127933333333,2.24263596535,5.34795999527,0.1322,2.23662231522
508,0.130383333333,2.24200057983,5.32029294968,0.1301,2.23764709206
509,0.1303,2.24089384079,5.3391752243,0.1354,2.2353779026
510,0.129733333333,2.2427740097,5.18191099167,0.1371,2.23193207245
511,0.130316666667,2.24182701111,5.21007919312,0.1301,2.23700009613
512,0.129766666667,2.24369955063,5.16855716705,0.1326,2.23391780128
513,0.133233333333,2.24197697639,5.33735990524,0.1318,2.23373407249
514,0.132266666667,2.24124073982,5.33786296844,0.1371,2.24017426567
515,0.129266666667,2.24217963219,5.34570598602,0.1375,2.23427352753
516,0.130433333333,2.2416434288,5.19473004341,0.1371,2.23375230522
517,0.1311,2.24034047127,5.25610399246,0.1352,2.23710991287
518,0.129516666667,2.24221539497,5.18078804016,0.1326,2.23892358475
519,0.12805,2.24264001846,5.17311406136,0.1352,2.23640276413
520,0.131733333333,2.23972606659,5.33728790283,0.1375,2.23649440994
521,0.128266666667,2.24276661873,5.26089501381,0.1371,2.23741775322
522,0.131116666667,2.24075841904,5.24792194366,0.1354,2.23819060898
523,0.129966666667,2.24222540855,5.3352868557,0.1322,2.23525539818
524,0.130933333333,2.24171519279,5.22651982307,0.1371,2.23357499886
525,0.130116666667,2.24259591103,5.3428800106,0.1347,2.23442641335
526,0.129883333333,2.24266791344,5.35738897324,0.1351,2.22772857513
527,0.131316666667,2.23959374428,5.35887694359,0.14,2.22892520447
528,0.131183333333,2.23945879936,5.35077500343,0.1351,2.22853576431
529,0.13085,2.24011301994,5.35819005966,0.1379,2.23109492722
530,0.133483333333,2.23809576035,5.3548951149,0.1351,2.22827689171
531,0.132116666667,2.24050092697,5.35207104683,0.14,2.23335591431
532,0.129766666667,2.24080204964,5.34665608406,0.14,2.22970067787
533,0.130833333333,2.24137187004,5.35859298706,0.1377,2.23064010277
534,0.133416666667,2.24001407623,5.34963393211,0.1351,2.23106832771
535,0.132366666667,2.23893117905,5.3508181572,0.1396,2.22792348442
536,0.1303,2.23995113373,5.34977889061,0.1343,2.23092663612
537,0.131283333333,2.24043750763,5.35604000092,0.1396,2.22805466919
538,0.1338,2.23950004578,5.35629296303,0.1347,2.23262795258
539,0.131166666667,2.23869371414,5.35931611061,0.1396,2.22802096405
540,0.1337,2.24042248726,5.35639691353,0.1396,2.23099945831
541,0.1305,2.24055528641,5.34453511238,0.1396,2.23493101578
542,0.131666666667,2.23854923248,5.35845899582,0.1379,2.23237901726
543,0.128716666667,2.24072909355,5.34594297409,0.1347,2.23367907524
544,0.132783333333,2.24051046371,5.35701084137,0.1343,2.22933919792
545,0.132716666667,2.23904585838,5.35584592819,0.1326,2.22872605476
546,0.130966666667,2.24101614952,5.35499286652,0.14,2.23013180504
547,0.131633333333,2.24059009552,5.35121893883,0.1379,2.22903120117
548,0.130683333333,2.2412750721,5.3578979969,0.1343,2.2303157711
549,0.131583333333,2.23971152306,5.35220098495,0.1377,2.23219925575
550,0.132666666667,2.23860049248,5.35844016075,0.1326,2.22762280045
551,0.133266666667,2.23999118805,5.35709309578,0.14,2.22865903702
552,0.132883333333,2.2415599823,5.35458707809,0.1351,2.23634749489
553,0.132183333333,2.24155426025,5.35875606537,0.14,2.23025455894
554,0.13005,2.24074983597,5.35277080536,0.1396,2.23119187469
555,0.1345,2.23878741264,5.34573984146,0.1347,2.22976461487
556,0.132233333333,2.23826098442,5.3598139286,0.1347,2.22794066391
557,0.1303,2.23965978622,5.35455703735,0.1379,2.22822179832
558,0.131466666667,2.24086046219,5.34506607056,0.1379,2.23004787331
559,0.130683333333,2.24013757706,5.36865496635,0.1377,2.23408155365
560,0.13155,2.23951935768,5.35540318489,0.1326,2.22865100899
561,0.1334,2.23974299431,5.34992408752,0.14,2.22766608849
562,0.134066666667,2.23805212975,5.35444808006,0.1377,2.23562835388
563,0.130283333333,2.23790407181,5.35666203499,0.1343,2.23901918488
564,0.131616666667,2.23978304863,5.35153508186,0.1347,2.22774280167
565,0.134016666667,2.23859834671,5.35865902901,0.1379,2.23093027954
566,0.132816666667,2.23695158958,5.34294104576,0.14,2.22985486412
567,0.128516666667,2.2403781414,5.35628199577,0.14,2.23180533981
568,0.131566666667,2.2401573658,5.35381293297,0.1379,2.22507426682
569,0.133666666667,2.23958444595,5.34316897392,0.14,2.22798756523
570,0.133983333333,2.23940372467,5.35465502739,0.1326,2.23608992691
571,0.131683333333,2.23944020271,5.35396003723,0.1396,2.23420279808
572,0.131316666667,2.23848342896,5.35368990898,0.14,2.22780070419
573,0.130316666667,2.24084854126,5.34659695625,0.1396,2.2278702446
574,0.13225,2.23915934563,5.36287593842,0.1326,2.23094014435
575,0.131366666667,2.23950314522,5.35329794884,0.1379,2.23416756516
576,0.13255,2.23873448372,5.35077691078,0.1377,2.23084826164
577,0.133966666667,2.23776817322,5.35125184059,0.1379,2.22972739334
578,0.131783333333,2.23967385292,5.3561630249,0.1343,2.23652851906
579,0.134483333333,2.23847198486,5.35769701004,0.1377,2.23371724434
580,0.133,2.24073719978,5.3527071476,0.1379,2.22972297821
581,0.1305,2.23926615715,5.35157895088,0.1326,2.2291615551
582,0.133233333333,2.24043750763,5.35364699364,0.1326,2.22993796959
583,0.132366666667,2.24034953117,5.36088705063,0.1377,2.23050728645
584,0.13025,2.24055361748,5.34881186485,0.1396,2.23001349907
585,0.131816666667,2.23940110207,5.37184691429,0.14,2.23106517601
586,0.131783333333,2.24038481712,5.26226997375,0.1379,2.22753791237
587,0.131266666667,2.23975110054,5.33913898468,0.1396,2.22759013901
588,0.132316666667,2.23967194557,5.34569382668,0.1377,2.23192513275
589,0.12965,2.23947286606,5.35668492317,0.1396,2.23579655685
590,0.130833333333,2.23930001259,5.34675598145,0.1343,2.22775784683
591,0.131366666667,2.23888278008,5.35317611694,0.14,2.22720303116
592,0.131083333333,2.24077916145,5.34081602097,0.1379,2.22772758789
593,0.130833333333,2.24043416977,5.35083794594,0.14,2.23055235214
594,0.130416666667,2.23943638802,5.35385513306,0.1396,2.22914862137
595,0.130066666667,2.23972082138,5.34611701965,0.14,2.22528076744
596,0.129566666667,2.24190711975,5.34743499756,0.1326,2.23251686287
597,0.132516666667,2.23873853683,5.34491086006,0.1259,2.22960041809
598,0.131516666667,2.23991322517,5.35391402245,0.1259,2.23055369186
599,0.132583333333,2.23895668983,5.34768104553,0.1326,2.23313306389
600,0.131866666667,2.23985171318,5.35478615761,0.1377,2.23462019806
601,0.134283333333,2.23952317238,5.35157084465,0.1377,2.22869360619
602,0.1308,2.23927402496,5.35384202003,0.1351,2.23177804794
603,0.13065,2.23955178261,5.35088610649,0.1326,2.23008621826
604,0.132633333333,2.2388446331,5.35946893692,0.1343,2.23084261436
605,0.130383333333,2.23836517334,5.35085487366,0.1347,2.23012464828
606,0.130433333333,2.23864746094,5.35525822639,0.1396,2.2280506012
607,0.129116666667,2.2406899929,5.35295796394,0.1379,2.22785328979
608,0.131066666667,2.23945569992,5.35309290886,0.1259,2.23243070488
609,0.13295,2.23748230934,5.35322284698,0.1343,2.23088904381
610,0.133833333333,2.24007439613,5.35071802139,0.1351,2.23331677895
611,0.13405,2.23936057091,5.34818911552,0.1379,2.23155081635
612,0.132883333333,2.23812031746,5.35663104057,0.1347,2.23100025177
613,0.133016666667,2.24010014534,5.35628986359,0.1326,2.22952635078
614,0.133366666667,2.23975348473,5.34304690361,0.1379,2.22950151329
615,0.13185,2.23948454857,5.35847401619,0.1379,2.22997072067
616,0.132033333333,2.23893404007,5.34869790077,0.14,2.22792281303
617,0.1327,2.23847818375,5.35119915009,0.1343,2.23024209557
618,0.132683333333,2.23783230782,5.35174202919,0.14,2.22944765854
619,0.130583333333,2.23949813843,5.35673880577,0.1377,2.23012992592
620,0.132316666667,2.23898673058,5.34445810318,0.1351,2.22665959511
621,0.130666666667,2.24016308784,5.35365319252,0.1379,2.22697834282
622,0.133233333333,2.23685622215,5.34185600281,0.1347,2.23203339882
623,0.130883333333,2.24037718773,5.35417199135,0.1351,2.22818331146
624,0.131733333333,2.2407412529,5.3516459465,0.1379,2.23027080078
625,0.1305,2.23910570145,5.34111118317,0.14,2.22711228218
626,0.132233333333,2.24180579185,5.34744095802,0.1396,2.23024195595
627,0.132783333333,2.23905777931,5.34903001785,0.1343,2.23252554131
628,0.13045,2.23829197884,5.35266685486,0.1351,2.23085100174
629,0.132916666667,2.24077129364,5.34308600426,0.1377,2.22831572952
630,0.133883333333,2.24035406113,5.35666704178,0.1377,2.22973610764
631,0.131266666667,2.24051618576,5.35009789467,0.1396,2.2279938324
632,0.13035,2.23894429207,5.37157416344,0.1379,2.23016100082
633,0.132216666667,2.24029278755,5.19246411324,0.1396,2.24210463486
634,0.134066666667,2.23884177208,5.34160709381,0.1396,2.22646039467
635,0.133916666667,2.23964166641,5.35308003426,0.1347,2.23275278473
636,0.132366666667,2.23930335045,5.34968400002,0.1347,2.23058113785
637,0.1309,2.2373213768,5.34535193443,0.1379,2.23025147705
638,0.132016666667,2.23860478401,5.35134792328,0.1259,2.22872930031
639,0.132466666667,2.23951363564,5.35483503342,0.1379,2.22850444183
640,0.132,2.2381734848,5.34232211113,0.1347,2.22900686569
641,0.13145,2.23956251144,5.35476112366,0.1343,2.23110110931
642,0.130366666667,2.24038767815,5.34972500801,0.1377,2.22846160202
643,0.132083333333,2.24018359184,5.35015892982,0.1326,2.22731642914
644,0.133133333333,2.2390999794,5.34605002403,0.14,2.2268357811
645,0.13185,2.23880410194,5.35288500786,0.1396,2.22769914207
646,0.128983333333,2.24042892456,5.34940099716,0.1347,2.22754004784
647,0.13025,2.24174976349,5.35399794579,0.1396,2.22971436958
648,0.131466666667,2.24107575417,5.35051989555,0.1347,2.22655642204
649,0.130333333333,2.23846030235,5.34816813469,0.1377,2.23146731224
650,0.1346,2.23872804642,5.35288000107,0.1377,2.23027308159
651,0.129883333333,2.24037766457,5.36109209061,0.1379,2.23077699318
652,0.13235,2.2392783165,5.3518948555,0.1343,2.22682026482
653,0.1307,2.24027061462,5.35565400124,0.1326,2.2322799572
654,0.132566666667,2.2405860424,5.3541162014,0.1377,2.22521797104
655,0.131383333333,2.23999905586,5.41114497185,0.1396,2.22679502029
656,0.133416666667,2.23842930794,5.35593509674,0.1326,2.2332495327
657,0.132833333333,2.23956465721,5.3483839035,0.1326,2.23638328819
658,0.1296,2.24005746841,5.35154795647,0.1326,2.22696992264
659,0.133266666667,2.23843812943,5.34818792343,0.1396,2.23030418396
660,0.132083333333,2.23830461502,5.35135293007,0.1396,2.22765193062
661,0.131216666667,2.23863935471,5.34992408752,0.1377,2.23405927887
662,0.133716666667,2.23808670044,5.34964513779,0.1396,2.22841097603
663,0.133083333333,2.23926663399,5.35175704956,0.1396,2.22891317139
664,0.1311,2.2387816906,5.34937000275,0.1377,2.22899677811
665,0.131883333333,2.24055981636,5.36161589622,0.1396,2.22609508057
666,0.1335,2.24045705795,5.34905385971,0.1326,2.23160230179
667,0.134116666667,2.2393078804,5.35033893585,0.1377,2.23168357315
668,0.131566666667,2.23872089386,5.35552406311,0.1343,2.22891741142
669,0.131683333333,2.23902082443,5.35605692863,0.1377,2.23103161201
670,0.13265,2.23896408081,5.34407114983,0.1396,2.2295127491
671,0.129533333333,2.23858833313,5.36079406738,0.1379,2.23283995018
672,0.134516666667,2.24068951607,5.34879899025,0.1326,2.22735872459
673,0.131616666667,2.23984360695,5.35767388344,0.14,2.22735957336
674,0.131216666667,2.23891043663,5.3517241478,0.1379,2.22695940781
675,0.132766666667,2.23858857155,5.35615587234,0.1396,2.22671196938
676,0.131533333333,2.23758029938,5.35525679588,0.1351,2.2308109684
677,0.132233333333,2.23901963234,5.35399794579,0.1396,2.23131389923
678,0.133883333333,2.23718380928,5.35420084,0.1396,2.22909734077
679,0.133716666667,2.23877024651,5.21537995338,0.1396,2.22606651001
680,0.13475,2.2373111248,5.34243416786,0.1326,2.22975305634
681,0.1326,2.23906707764,5.34044003487,0.1377,2.22928789482
682,0.131916666667,2.23832345009,5.35818982124,0.1347,2.22678611069
683,0.134616666667,2.23982024193,5.35072207451,0.14,2.22685046806
684,0.133633333333,2.23780417442,5.34880805016,0.14,2.22998574562
685,0.132733333333,2.2394630909,5.34645390511,0.1377,2.23254015541
686,0.13295,2.23798179626,5.35376501083,0.1377,2.22889680901
687,0.132466666667,2.24097442627,5.34668588638,0.1377,2.23041745758
688,0.13075,2.23962187767,5.34955811501,0.1343,2.22688651581
689,0.131383333333,2.23813843727,5.34347486496,0.1351,2.22892829742
690,0.132016666667,2.23795604706,5.34901595116,0.1379,2.23487046432
691,0.134183333333,2.23813176155,5.34531378746,0.1396,2.22980848694
692,0.132,2.23890399933,5.378262043,0.1379,2.22883148041
693,0.131516666667,2.23931932449,5.34906387329,0.1396,2.2286329998
694,0.131283333333,2.23786091805,5.35368919373,0.1377,2.23202385521
695,0.129633333333,2.23975729942,5.37331914902,0.1396,2.23063200111
696,0.1319,2.2382440567,5.34679484367,0.1379,2.22732660179
697,0.1304,2.23879122734,5.35484290123,0.1351,2.23277866096
698,0.1323,2.23782014847,5.34733009338,0.1343,2.23494951935
699,0.1348,2.23889017105,5.35205006599,0.1343,2.23785074577
700,0.13305,2.23832249641,5.34621596336,0.14,2.22966907501
701,0.131433333333,2.23913908005,5.35131406784,0.1343,2.22943993187
702,0.13085,2.23895549774,5.35193920135,0.1377,2.23078015785
703,0.13105,2.23887848854,5.35010194778,0.1347,2.22708293343
704,0.129866666667,2.24053025246,5.3541560173,0.1396,2.22827050209
705,0.131533333333,2.24005913734,5.35218691826,0.1396,2.23250217171
706,0.133916666667,2.23832702637,5.35823822021,0.1326,2.22861088638
707,0.1334,2.23911046982,5.34442305565,0.14,2.22724602966
708,0.133016666667,2.23815751076,5.35473704338,0.1379,2.233660746
709,0.1338,2.23929524422,5.35437679291,0.1326,2.22918245468
710,0.132733333333,2.23975777626,5.35368299484,0.1347,2.22769526176
711,0.131816666667,2.23997592926,5.343791008,0.1396,2.22714892082
712,0.132583333333,2.23873806,5.35777592659,0.1377,2.22656185226
713,0.1315,2.23955988884,5.35333418846,0.1343,2.23209057617
714,0.133233333333,2.23953652382,5.35440182686,0.1379,2.22776192589
715,0.135066666667,2.23821878433,5.34905004501,0.1377,2.23153806229
716,0.132266666667,2.2366027832,5.35346221924,0.1343,2.22882753716
717,0.13355,2.23755693436,5.35351204872,0.1379,2.22834357414
718,0.131116666667,2.23910093307,5.3571460247,0.1351,2.22740333824
719,0.13215,2.23860049248,5.35140800476,0.1347,2.22971965561
720,0.131583333333,2.23789644241,5.35943198204,0.1396,2.22783915405
721,0.13145,2.23845672607,5.35986709595,0.1343,2.23703354073
722,0.130983333333,2.23988103867,5.35108995438,0.1377,2.23086708832
723,0.133183333333,2.23871803284,5.35159087181,0.1343,2.23375457306
724,0.130266666667,2.24048900604,5.3675339222,0.1326,2.23213305206
725,0.133366666667,2.23667645454,5.18880009651,0.1326,2.22723044357
726,0.131066666667,2.23848223686,5.34284305573,0.1396,2.22867591095
727,0.13135,2.23878479004,5.35941982269,0.1379,2.23030816612
728,0.131233333333,2.23816990852,5.34127187729,0.14,2.22955521698
729,0.13225,2.23838591576,5.35624408722,0.1343,2.22995476379
730,0.130916666667,2.23868703842,5.35775709152,0.1379,2.22528454399
731,0.133016666667,2.23803853989,5.35284900665,0.1396,2.22783873482
732,0.13195,2.24056625366,5.35208392143,0.1347,2.2357908493
733,0.13315,2.23851919174,5.35505795479,0.1351,2.22800449486
734,0.1337,2.23943114281,5.3473649025,0.1396,2.22862575493
735,0.132166666667,2.23693108559,5.35871100426,0.1396,2.22809648094
736,0.132233333333,2.23822450638,5.362596035,0.126,2.23216497765
737,0.131683333333,2.23794174194,5.34526610374,0.1396,2.2283622921
738,0.131933333333,2.23911118507,5.35480618477,0.1326,2.22997915268
739,0.133116666667,2.23761057854,5.35896396637,0.1396,2.22759752998
740,0.131633333333,2.23808288574,5.35434699059,0.1326,2.23231298141
741,0.132933333333,2.24058961868,5.34997415543,0.1347,2.22901815529
742,0.132516666667,2.24178910255,5.36088585854,0.1343,2.2329747448
743,0.132583333333,2.23975682259,5.34793496132,0.14,2.22560881462
744,0.129033333333,2.24115777016,5.35259485245,0.1347,2.22977878304
745,0.131883333333,2.23989391327,5.34993195534,0.1347,2.23204599152
746,0.134116666667,2.23694038391,5.3554019928,0.14,2.22788549423
747,0.133083333333,2.23714971542,5.35327792168,0.1379,2.23291455116
748,0.132433333333,2.23825836182,5.3525531292,0.1343,2.22975219345
749,0.13355,2.23929262161,5.35055589676,0.1379,2.22908903313
750,0.1306,2.23729228973,5.35696578026,0.1326,2.23007295723
751,0.133033333333,2.23750209808,5.35453891754,0.1396,2.23080725822
752,0.132433333333,2.23909163475,5.34775781631,0.14,2.23013756256
753,0.133316666667,2.23799228668,5.36206102371,0.1396,2.23187740021
754,0.131633333333,2.23908019066,5.35148787498,0.14,2.2345844635
755,0.134133333333,2.2377140522,5.34536099434,0.1347,2.22848468475
756,0.13135,2.23936510086,5.34620285034,0.14,2.22595368271
757,0.1295,2.23878955841,5.34966778755,0.14,2.22744831047
758,0.133033333333,2.23670053482,5.34989285469,0.1377,2.22932684555
759,0.132983333333,2.23887443542,5.35547184944,0.1343,2.22752146187
760,0.13345,2.23868966103,5.34192109108,0.1396,2.22800522575
761,0.131566666667,2.23993706703,5.35334587097,0.1396,2.23315511246
762,0.133983333333,2.23590373993,5.35922408104,0.1379,2.22582980576
763,0.133766666667,2.23821258545,5.34593701363,0.1379,2.22780114365
764,0.13045,2.23808813095,5.35244297981,0.1351,2.22939251328
765,0.1328,2.23751521111,5.355479002,0.1379,2.22715916672
766,0.13255,2.24036884308,5.34686207771,0.1396,2.22674266777
767,0.13065,2.23930668831,5.34687519073,0.1379,2.22866799469
768,0.132633333333,2.23910665512,5.35879898071,0.1347,2.22740485802
769,0.132233333333,2.23850488663,5.35405993462,0.1396,2.22603513947
770,0.13235,2.2385392189,5.36406683922,0.1347,2.22918309669
771,0.133183333333,2.24072885513,5.36582398415,0.1351,2.23093124428
772,0.132783333333,2.23852491379,5.35586905479,0.1347,2.22923738136
773,0.1299,2.23924279213,5.35274910927,0.1377,2.22791066055
774,0.13305,2.23876261711,5.35705089569,0.1379,2.22850352898
775,0.133283333333,2.23835062981,5.35752487183,0.1326,2.22838869133
776,0.1306,2.2390460968,5.35532784462,0.1396,2.2259164032
777,0.132416666667,2.23959851265,5.3580930233,0.14,2.22990122337
778,0.129466666667,2.23930263519,5.35120892525,0.1396,2.22975168991
779,0.132716666667,2.23815321922,5.3499109745,0.1351,2.22893428879
780,0.132016666667,2.23964214325,5.35483694077,0.1377,2.22815034409
781,0.1313,2.23995232582,5.35236406326,0.1347,2.22925805893
782,0.132066666667,2.23794054985,5.41248583794,0.1379,2.22843937759
783,0.13035,2.23852133751,5.34946703911,0.1379,2.23398775024
784,0.132966666667,2.23889303207,5.34732508659,0.1379,2.22896351242
785,0.132316666667,2.23958015442,5.36282610893,0.1351,2.23439250374
786,0.13005,2.2395606041,5.35212421417,0.1379,2.22944105682
787,0.1298,2.23810243607,5.35148406029,0.1351,2.22964024887
788,0.13285,2.23793172836,5.35260415077,0.1377,2.22943862648
789,0.134166666667,2.23779273033,5.35203695297,0.1379,2.22809700775
790,0.131983333333,2.24055409431,5.34183692932,0.1326,2.22959115219
791,0.133583333333,2.23834705353,5.35621094704,0.1326,2.23229439621
792,0.134233333333,2.23758029938,5.35393381119,0.1326,2.22757742043
793,0.13215,2.23783993721,5.3443069458,0.1379,2.22792052727
794,0.131733333333,2.23857927322,5.35639309883,0.1379,2.22955277748
795,0.13145,2.23811841011,5.34973096848,0.14,2.22822361946
796,0.130966666667,2.23828911781,5.34770703316,0.1259,2.22686784515
797,0.134566666667,2.23736596107,5.34967780113,0.1379,2.22835908279
798,0.132966666667,2.23896694183,5.35398006439,0.1343,2.22622783585
799,0.133766666667,2.23916292191,5.34840917587,0.1377,2.2284176609
800,0.132116666667,2.23888444901,5.35285592079,0.1396,2.22676520309
801,0.1317,2.23936104774,5.33957982063,0.1379,2.22611058846
802,0.130166666667,2.23830676079,5.35043406487,0.1326,2.2309470623
803,0.1316,2.23756408691,5.355437994,0.1396,2.22859890404
804,0.131,2.23965883255,5.34631609917,0.14,2.22765797844
805,0.13385,2.23693180084,5.34719896317,0.1396,2.23144359436
806,0.133383333333,2.2385904789,5.35336089134,0.1396,2.23042775307
807,0.1318,2.23757243156,5.35180997849,0.1377,2.23157141495
808,0.13235,2.23986387253,5.34539318085,0.1379,2.22715513306
809,0.1304,2.24044275284,5.36048483849,0.1379,2.22590931358
810,0.1321,2.2374830246,5.35178399086,0.1379,2.23011404495
811,0.13155,2.23904395103,5.34634590149,0.1396,2.2285694519
812,0.13085,2.23848700523,5.34508490562,0.1351,2.22757990837
813,0.1331,2.23676085472,5.34897017479,0.1377,2.22718715439
814,0.13315,2.23892188072,5.35241889954,0.1351,2.23270873032
815,0.130766666667,2.23978233337,5.35260009766,0.1379,2.23029397926
816,0.135066666667,2.23889398575,5.34611201286,0.1377,2.22888472519
817,0.131766666667,2.23886990547,5.35753893852,0.1396,2.2280584156
818,0.129816666667,2.23982477188,5.36022186279,0.1379,2.23083031616
819,0.1311,2.2395222187,5.34444212914,0.1379,2.2283675766
820,0.132516666667,2.24181962013,5.3692419529,0.1377,2.22937793236
821,0.133233333333,2.23781061172,5.36345601082,0.1326,2.23030028343
822,0.130966666667,2.2377474308,5.34813117981,0.1326,2.23088410797
823,0.1341,2.23576045036,5.34976100922,0.1326,2.22928887863
824,0.131183333333,2.23944163322,5.35468506813,0.1396,2.22875786934
825,0.132716666667,2.23889970779,5.34923911095,0.1343,2.22695096703
826,0.129466666667,2.23893547058,5.35397911072,0.1396,2.23107400169
827,0.132733333333,2.23827624321,5.35728406906,0.1379,2.23079263725
828,0.1317,2.2383646965,5.35359406471,0.1377,2.23277259254
829,0.13465,2.23886609077,5.35726213455,0.1396,2.23105254021
830,0.134266666667,2.23681259155,5.35353398323,0.1396,2.22634036751
831,0.1338,2.23752164841,5.36017298698,0.1396,2.22630561905
832,0.131233333333,2.23812866211,5.35632181168,0.1377,2.22953127022
833,0.132883333333,2.23963546753,5.35617399216,0.1351,2.22813349495
834,0.13135,2.23929953575,5.34304690361,0.1396,2.22858588257
835,0.1341,2.23841881752,5.3535900116,0.1396,2.22961934204
836,0.134183333333,2.23956084251,5.35309720039,0.1396,2.23156793022
837,0.1332,2.23751449585,5.351085186,0.1379,2.23308070755
838,0.13035,2.23795843124,5.35306882858,0.1259,2.22919365501
839,0.132783333333,2.23886942863,5.35238909721,0.1379,2.22966999168
840,0.13125,2.23946905136,5.34805703163,0.1396,2.22774054184
841,0.133533333333,2.23743391037,5.35556983948,0.1351,2.22952885056
842,0.131966666667,2.23763608932,5.35220384598,0.1351,2.22680477638
843,0.133516666667,2.23870563507,5.35530591011,0.1343,2.23114579048
844,0.13065,2.2386610508,5.36120581627,0.1396,2.23104752655
845,0.130966666667,2.2387573719,5.34884285927,0.1326,2.22793557472
846,0.133616666667,2.23805356026,5.34713506699,0.1377,2.22863940506
847,0.132083333333,2.23794484138,5.35871315002,0.1347,2.23257364044
848,0.132333333333,2.23786759377,5.35502004623,0.1351,2.23021208
849,0.132133333333,2.23886299133,5.34758806229,0.1396,2.22915360031
850,0.130583333333,2.23730540276,5.36073684692,0.1326,2.22749888382
851,0.132233333333,2.23812866211,5.35142421722,0.1351,2.22969499626
852,0.131816666667,2.23801803589,5.35435891151,0.1377,2.22632433929
853,0.134133333333,2.23682761192,5.35401201248,0.1347,2.23207412415
854,0.133233333333,2.23961615562,5.35675907135,0.1379,2.22982287636
855,0.132016666667,2.24022579193,5.35517692566,0.1396,2.22545113297
856,0.1319,2.23965620995,5.35499978065,0.1347,2.22731590881
857,0.132883333333,2.23929333687,5.34820413589,0.1326,2.2324923069
858,0.135066666667,2.23790574074,5.35785913467,0.1377,2.22839915504
859,0.133066666667,2.24000883102,5.363945961,0.14,2.23001496277
860,0.132783333333,2.23978590965,5.34533715248,0.1326,2.2325903286
861,0.132183333333,2.23901152611,5.35951709747,0.1326,2.2319550621
862,0.130216666667,2.23759078979,5.36116218567,0.1259,2.23025886536
863,0.13085,2.23912143707,5.35245704651,0.1347,2.22971037254
864,0.129816666667,2.23956847191,5.35375595093,0.1326,2.22748524818
865,0.131816666667,2.23821282387,5.36523580551,0.1377,2.2261318325
866,0.1338,2.23787546158,5.36881804466,0.14,2.22524242744
867,0.131533333333,2.23905134201,5.20639491081,0.1396,2.23389295921
868,0.131933333333,2.23717236519,5.34012889862,0.1347,2.23201859589
869,0.13375,2.23717665672,5.35024285316,0.1396,2.230183395
870,0.1305,2.23845410347,5.35184502602,0.1347,2.22697611542
871,0.133416666667,2.23769521713,5.3473880291,0.1326,2.22835337982
872,0.13225,2.23863077164,5.34691810608,0.1259,2.23080915108
873,0.131433333333,2.2393116951,5.34683394432,0.1343,2.2278841156
874,0.134816666667,2.23839211464,5.34868001938,0.1377,2.22914678078
875,0.130916666667,2.23928904533,5.33949995041,0.1396,2.22888117485
876,0.133516666667,2.2377038002,5.35494399071,0.1326,2.23128753014
877,0.13105,2.23899626732,5.351541996,0.1347,2.229946912
878,0.131566666667,2.23864126205,5.34802293777,0.1347,2.22708636436
879,0.135366666667,2.23789787292,5.34235405922,0.1379,2.22710661125
880,0.132883333333,2.23835468292,5.35173010826,0.1396,2.22824322853
881,0.13125,2.23848628998,5.34870004654,0.1396,2.23364659195
882,0.13285,2.23864173889,5.34751415253,0.1347,2.22803817787
883,0.13035,2.24000883102,5.34862995148,0.1396,2.23256527443
884,0.131716666667,2.23984217644,5.35040688515,0.1379,2.229545998
885,0.1326,2.23874521255,5.35674595833,0.1343,2.23067450638
886,0.132766666667,2.23708176613,5.35296821594,0.1396,2.22597163124
887,0.132233333333,2.23864006996,5.35676312447,0.1379,2.22693254166
888,0.132316666667,2.23893690109,5.3593981266,0.1396,2.23236742897
889,0.1318,2.23795938492,5.35286593437,0.1259,2.22812706718
890,0.132216666667,2.23780941963,5.34393882751,0.1396,2.22932877121
891,0.13175,2.23716306686,5.35482096672,0.1379,2.22868323517
892,0.132816666667,2.23805570602,5.34890818596,0.1343,2.22840079041
893,0.132466666667,2.23859572411,5.35174298286,0.14,2.22781036339
894,0.13355,2.23676967621,5.35275506973,0.1377,2.22776688232
895,0.132783333333,2.23891305923,5.35552096367,0.1343,2.23098665504
896,0.13125,2.23969459534,5.3551838398,0.1351,2.2266862236
897,0.133683333333,2.23734736443,5.35856890678,0.1326,2.23062887993
898,0.131916666667,2.23879718781,5.35492396355,0.1379,2.23302099991
899,0.133166666667,2.23786354065,5.35692310333,0.1347,2.2328298214
900,0.132466666667,2.23750805855,5.35689401627,0.1379,2.23324698868
901,0.1321,2.23988676071,5.35294103622,0.1351,2.23067248764
902,0.1319,2.23726534843,5.35002994537,0.1351,2.22994067421
903,0.131283333333,2.23982167244,5.34560799599,0.1347,2.23002366829
904,0.135383333333,2.23785161972,5.35375094414,0.1377,2.23032997589
905,0.131233333333,2.23811912537,5.3506000042,0.1396,2.23381833344
906,0.1308,2.23835420609,5.36218690872,0.1377,2.22935643158
907,0.13075,2.23951864243,5.34869503975,0.1396,2.22824348717
908,0.133516666667,2.23726558685,5.35094094276,0.14,2.23126475258
909,0.133033333333,2.23928046227,5.35350894928,0.1396,2.22956490669
910,0.133166666667,2.23555517197,5.35691809654,0.1377,2.22564155884
911,0.13285,2.23845911026,5.4190261364,0.1379,2.23220315552
912,0.13145,2.23832511902,5.37271094322,0.1396,2.22763370552
913,0.134183333333,2.23704910278,5.34755301476,0.1396,2.22792954102
914,0.133166666667,2.23765206337,5.36199688911,0.1379,2.22569683266
915,0.131616666667,2.23596405983,5.37268400192,0.1396,2.22694370804
916,0.1317,2.23770260811,5.35009002686,0.1396,2.23168990936
917,0.132866666667,2.23815941811,5.36119484901,0.1347,2.23181510429
918,0.13355,2.23720526695,5.35099196434,0.1351,2.22936835823
919,0.13265,2.23910260201,5.3508450985,0.1351,2.22619680748
920,0.13155,2.23690748215,5.35006093979,0.1347,2.23010747261
921,0.130883333333,2.23902797699,5.35924196243,0.1377,2.22528288383
922,0.131733333333,2.23693585396,5.34930109978,0.1326,2.22803161316
923,0.13125,2.2385187149,5.35115504265,0.1351,2.22739475746
924,0.13135,2.23923492432,5.35143494606,0.1351,2.23098930855
925,0.1314,2.23734474182,5.35399913788,0.1396,2.22800874176
926,0.133583333333,2.23715615273,5.35619997978,0.14,2.22833337936
927,0.132416666667,2.23647761345,5.34898304939,0.1379,2.23360559387
928,0.133416666667,2.23780155182,5.35049510002,0.1347,2.23371247749
929,0.1325,2.23753285408,5.3617181778,0.1347,2.22983853798
930,0.133616666667,2.23738074303,5.35305094719,0.1347,2.22620082664
931,0.131133333333,2.23842644691,5.34145712852,0.1379,2.22709759445
932,0.13345,2.23787212372,5.36601209641,0.1379,2.22917169991
933,0.1311,2.23869681358,5.34828519821,0.14,2.22792556648
934,0.133316666667,2.23759031296,5.36191892624,0.14,2.22942546768
935,0.13155,2.23668694496,5.35290408134,0.1379,2.22709791756
936,0.131016666667,2.23918175697,5.35622215271,0.1326,2.22933281288
937,0.13155,2.23858571053,5.34111404419,0.1377,2.22799763908
938,0.132633333333,2.23748421669,5.3547039032,0.1326,2.22955919266
939,0.131,2.2400906086,5.35184216499,0.1396,2.23549928741
940,0.132166666667,2.23901247978,5.35609602928,0.1326,2.22771987877
941,0.132333333333,2.23851537704,5.35818314552,0.1351,2.23109288368
942,0.13275,2.23892855644,5.35200190544,0.1379,2.2272151413
943,0.132583333333,2.23922276497,5.35367512703,0.14,2.2294544857
944,0.1332,2.23788046837,5.35350894928,0.14,2.22804415245
945,0.133533333333,2.23883485794,5.35968613625,0.14,2.23099672279
946,0.131066666667,2.23819470406,5.35536694527,0.14,2.22917118607
947,0.132366666667,2.23843574524,5.35976600647,0.1351,2.22841368103
948,0.1334,2.23667192459,5.3524479866,0.14,2.2302060688
949,0.1306,2.23835730553,5.34913492203,0.1347,2.23234125633
950,0.1331,2.23787999153,5.35760617256,0.1347,2.22726804581
951,0.132283333333,2.23749899864,5.35555195808,0.1343,2.23167364731
952,0.1314,2.23733186722,5.35825395584,0.1343,2.23320690727
953,0.131683333333,2.23739171028,5.36170005798,0.1379,2.22614591637
954,0.131733333333,2.23862791061,5.35237407684,0.1343,2.2313544014
955,0.13605,2.2381567955,5.35958003998,0.1351,2.22677093124
956,0.132166666667,2.23771977425,5.35815596581,0.1377,2.22770252991
957,0.1321,2.2396042347,5.34881210327,0.1379,2.23003940964
958,0.133633333333,2.2377550602,5.35546422005,0.1377,2.2252293087
959,0.131833333333,2.23797035217,5.3483979702,0.1377,2.22745871124
960,0.1317,2.23774528503,5.35162496567,0.1347,2.22989154816
961,0.13205,2.2376229763,5.35937619209,0.14,2.23016988106
962,0.133866666667,2.23567485809,5.37013506889,0.1396,2.22797051353
963,0.131666666667,2.23841571808,5.16143488884,0.14,2.23054743805
964,0.133316666667,2.24010634422,5.33649802208,0.1396,2.22961702805
965,0.132333333333,2.23837757111,5.35314202309,0.1396,2.2289312149
966,0.130566666667,2.23776602745,5.3510081768,0.1377,2.22956941032
967,0.13105,2.23769426346,5.35125494003,0.14,2.22577261505
968,0.132883333333,2.23857498169,5.35072302818,0.1396,2.22833400803
969,0.131983333333,2.23773598671,5.35236287117,0.1343,2.22714800949
970,0.1312,2.23700213432,5.35477304459,0.1347,2.23105928802
971,0.132633333333,2.23697757721,5.35308814049,0.14,2.22690084114
972,0.135816666667,2.23663687706,5.34187984467,0.1347,2.22810471306
973,0.133016666667,2.23648691177,5.36390805244,0.1379,2.23089637299
974,0.1308,2.23883461952,5.34924483299,0.1326,2.22934587021
975,0.132783333333,2.23786449432,5.34722995758,0.1396,2.22887630386
976,0.133283333333,2.23940372467,5.35081005096,0.14,2.22616402931
977,0.134283333333,2.23826789856,5.35540795326,0.1343,2.23348948441
978,0.12955,2.23866724968,5.36042690277,0.1343,2.22807152901
979,0.131483333333,2.23715615273,5.35014295578,0.1259,2.22896781731
980,0.135633333333,2.23951077461,5.3496119976,0.1396,2.23009336433
981,0.13065,2.23781991005,5.35347795486,0.1347,2.22876085243
982,0.130966666667,2.23739504814,5.35823106766,0.1347,2.22753671761
983,0.13235,2.23927807808,5.34521007538,0.1396,2.22711608162
984,0.132616666667,2.2385969162,5.35554099083,0.1347,2.22815756798
985,0.132783333333,2.23727822304,5.3541328907,0.14,2.22613491478
986,0.130716666667,2.23960804939,5.35363984108,0.14,2.22626339035
987,0.13305,2.23867249489,5.34068107605,0.1377,2.22807237892
988,0.131333333333,2.23695254326,5.35748291016,0.1347,2.23274454231
989,0.132016666667,2.23795676231,5.34945893288,0.14,2.226118256
990,0.13155,2.23849368095,5.34990692139,0.1351,2.22994244156
991,0.133783333333,2.23835992813,5.35096478462,0.1347,2.23838181839
992,0.132816666667,2.23775982857,5.35056495667,0.1343,2.22994228821
993,0.13145,2.23931264877,5.35160493851,0.1326,2.23094548073
994,0.13165,2.23704314232,5.34886407852,0.1343,2.22851667061
995,0.1323,2.23821926117,5.34736204147,0.1396,2.22758956375
996,0.134366666667,2.23624539375,5.34493088722,0.1259,2.23074301834
997,0.13065,2.2371942997,5.3553249836,0.1343,2.227951437
998,0.132433333333,2.23779129982,5.3445019722,0.1396,2.22948052788
999,0.133066666667,2.2387816906,5.36078000069,0.1351,2.23360433769
